Tên sản phẩm,Bộ VXL,Bộ nhớ RAM,Ổ cứng,Card màn hình,Kích thước màn hình,Cổng giao tiếp,Hệ điều hành,Kích thước,Màu sắc,Chất liệu,Giá niêm yết,Giá ưu đãi tháng 12,Bảo hành
" HP ENVY X360 13-BF0094TU 76B14PA ",Core i5 1230U 3.3GHz,16GB," 512Gb SSD",VGA onboard - Intel Iris Xe Graphics,13.3inch OLED Touch,1 Thunderbolt 4 with USB4 Type-C 40Gbps; 1 SuperSpeed USB Type-A 5Gbps signaling rate (HP Sleep and Charge); 1 SuperSpeed USB Type-A 5Gbps signaling rate; 1 AC smart pin; 1 headphone/microphon,Windows 11 Home,,," Vỏ nhôm",29.590.000 ₫,22.990.000 ₫ [Giá đã có VAT],"12 Tháng. Bảo hành tại hãng. Bảo hành tại nơi sử dụng. Đổi mới 30 ngày "
" HP ENVY X360 13-BF0096TU 76B16PA ",Core i5 1230U 3.3GHz,8Gb (Onboard) DDR4 3200," 512Gb SSD",VGA onboard - Intel Iris Xe Graphics,13.3inch OLED Touch,1 Thunderbolt 4 with USB4 Type-C 40Gbps; 1 SuperSpeed USB Type-A 5Gbps signaling rate (HP Sleep and Charge); 1 SuperSpeed USB Type-A 5Gbps signaling rate; 1 AC smart pin; 1 headphone/microphon,Windows 11 Home,,," Vỏ nhựa",27.690.000 ₫,21.990.000 ₫ [Giá đã có VAT],"12 Tháng. Bảo hành tại hãng. Bảo hành tại nơi sử dụng. Đổi mới 30 ngày "
" HP ENVY X360 13-BF0090TU 76B13PA ",Core i7 1250U 3.5GHz,16GB," 512Gb SSD",VGA onboard - Intel Iris Xe Graphics,13.3inch OLED Touch,1 Thunderbolt 4 with USB4 Type-C 40Gbps; 1 SuperSpeed USB Type-A 5Gbps signaling rate (HP Sleep and Charge); 1 SuperSpeed USB Type-A 5Gbps signaling rate; 1 AC smart pin; 1 headphone/microphon,Windows 11 Home,,," Vỏ nhôm",32.990.000 ₫,27.490.000 ₫ [Giá đã có VAT],"12 Tháng. Bảo hành tại hãng. Bảo hành tại nơi sử dụng. Đổi mới 30 ngày "
" HP ENVY 16-H0033TX 6K7F9PA ",Core i9 12900HK 3.8GHz,16Gb (2x8Gb) DDR5 4800," 512Gb SSD",VGA Nvidia,Khoảng 16 inch,1 Thunderbolt 4 with USB4 Type-C 40Gbps; 1 SuperSpeed USB Type-A 5Gbps signaling rate (HP Sleep and Charge); 1 SuperSpeed USB Type-A 5Gbps signaling rate; 1 AC smart pin; 1 headphone/microphon,Windows 11 Home,,," Vỏ nhôm",59.990.000 ₫,53.990.000 ₫ [Giá đã có VAT],"12 Tháng. Bảo hành tại hãng. Bảo hành tại nơi sử dụng. Đổi mới 30 ngày "
" HP ENVY X360 13-BF0092TU 76V59PA ",Core i7 1250U 3.5GHz,8Gb (Onboard) DDR4 3200," 512Gb SSD",VGA onboard - Intel Iris Xe Graphics,13.3inch OLED Touch,1 Thunderbolt 4 with USB4 Type-C 40Gbps; 1 SuperSpeed USB Type-A 5Gbps signaling rate (HP Sleep and Charge); 1 SuperSpeed USB Type-A 5Gbps signaling rate; 1 AC smart pin; 1 headphone/microphon,Windows 11 Home,,," Vỏ nhôm",32.590.000 ₫,26.390.000 ₫ [Giá đã có VAT],"12 Tháng. Bảo hành tại hãng. Bảo hành tại nơi sử dụng. Đổi mới 30 ngày "
" HP Envy X360 13-bf0094TU 76B14PA ",Core i5 1230U 3.3GHz,16GB," 512Gb SSD",VGA onboard - Intel Iris Xe Graphics,13.3inch OLED Touch,1 Thunderbolt 4 with USB4 Type-C 40Gbps; 1 SuperSpeed USB Type-A 5Gbps signaling rate (HP Sleep and Charge); 1 SuperSpeed USB Type-A 5Gbps signaling rate; 1 AC smart pin; 1 headphone/microphon,Windows 11 Home,,," Vỏ nhôm",29.590.000 ₫,22.990.000 ₫ [Giá đã có VAT],"12 Tháng. Bảo hành tại hãng. Bảo hành tại nơi sử dụng. Đổi mới 30 ngày "
" HP Envy X360 13-bf0096TU 76B16PA ",Core i5 1230U 3.3GHz,8Gb (Onboard) DDR4 3200," 512Gb SSD",VGA onboard - Intel Iris Xe Graphics,13.3inch OLED Touch,1 Thunderbolt 4 with USB4 Type-C 40Gbps; 1 SuperSpeed USB Type-A 5Gbps signaling rate (HP Sleep and Charge); 1 SuperSpeed USB Type-A 5Gbps signaling rate; 1 AC smart pin; 1 headphone/microphon,Windows 11 Home,,," Vỏ nhôm",27.690.000 ₫,21.990.000 ₫ [Giá đã có VAT],"12 Tháng. Bảo hành tại hãng. Bảo hành tại nơi sử dụng. Đổi mới 30 ngày "
" HP Envy X360 13-bf0097TU 76B17PA ",Core i5 1230U 3.3GHz,8Gb (Onboard) DDR4 3200," 512Gb SSD",VGA onboard - Intel Iris Xe Graphics,13.3inch OLED Touch,1 Thunderbolt 4 with USB4 Type-C 40Gbps; 1 SuperSpeed USB Type-A 5Gbps signaling rate (HP Sleep and Charge); 1 SuperSpeed USB Type-A 5Gbps signaling rate; 1 AC smart pin; 1 headphone/microphon,Windows 11 Home,,," Vỏ nhôm",27.690.000 ₫,21.990.000 ₫ [Giá đã có VAT],"12 Tháng. Bảo hành tại hãng. Bảo hành tại nơi sử dụng. Đổi mới 30 ngày "
" HP Envy X360 13-bf0090TU 76B13PA ",Core i7 1250U 3.5GHz,16GB," 512Gb SSD",VGA onboard - Intel Iris Xe Graphics,13.3inch OLED Touch,1 Thunderbolt 4 with USB4 Type-C 40Gbps; 1 SuperSpeed USB Type-A 5Gbps signaling rate (HP Sleep and Charge); 1 SuperSpeed USB Type-A 5Gbps signaling rate; 1 AC smart pin; 1 headphone/microphon,Windows 11 Home,,," Vỏ nhôm",32.990.000 ₫,27.490.000 ₫ [Giá đã có VAT],"12 Tháng. Bảo hành tại hãng. Bảo hành tại nơi sử dụng. Đổi mới 30 ngày "
" HP ENVY X360 13-BF0112TU 7C0N9PA ",Core i5 1230U 3.3GHz,16GB," 512Gb SSD",VGA onboard - Intel Iris Xe Graphics,13.3inch OLED Touch,1 Thunderbolt 4 with USB4 Type-C 40Gbps; 1 SuperSpeed USB Type-A 5Gbps signaling rate (HP Sleep and Charge); 1 SuperSpeed USB Type-A 5Gbps signaling rate; 1 AC smart pin; 1 headphone/microphon,Windows 11 Home,,," Vỏ nhôm",29.590.000 ₫,24.690.000 ₫ [Giá đã có VAT],"12 Tháng. Bảo hành tại hãng. Bảo hành tại nơi sử dụng. Đổi mới 30 ngày "
" HP ENVY X360 13-BF0114TU 7C0P0PA ",Core i5 1230U 3.3GHz,8Gb (Onboard) DDR4 3200," 512Gb SSD",VGA onboard - Intel Iris Xe Graphics,13.3inch OLED Touch,1 Thunderbolt 4 with USB4 Type-C 40Gbps; 1 SuperSpeed USB Type-A 5Gbps signaling rate (HP Sleep and Charge); 1 SuperSpeed USB Type-A 5Gbps signaling rate; 1 AC smart pin; 1 headphone/microphon,Windows 11 Home,,," Vỏ nhựa",28.790.000 ₫,24.790.000 ₫ [Giá đã có VAT],"12 Tháng. Bảo hành tại hãng. Bảo hành tại nơi sử dụng. Đổi mới 30 ngày "
" HP ENVY X360 13-BF0097TU 76B17PA ",Core i5 1230U 3.3GHz,8Gb (Onboard) DDR4 3200," 512Gb SSD",VGA onboard - Intel Iris Xe Graphics,13.3inch OLED Touch,1 Thunderbolt 4 with USB4 Type-C 40Gbps; 1 SuperSpeed USB Type-A 5Gbps signaling rate (HP Sleep and Charge); 1 SuperSpeed USB Type-A 5Gbps signaling rate; 1 AC smart pin; 1 headphone/microphon,Windows 11 Home,,," Vỏ nhôm",27.690.000 ₫,21.990.000 ₫ [Giá đã có VAT],"12 Tháng. Bảo hành tại hãng. Bảo hành tại nơi sử dụng. Đổi mới 30 ngày "
" HP Envy X360 13-bf0112TU 7C0N9PA ",Core i5 1230U 3.3GHz,16GB," 512Gb SSD",VGA onboard - Intel Iris Xe Graphics,13.3inch OLED Touch,1 Thunderbolt 4 with USB4 Type-C 40Gbps; 1 SuperSpeed USB Type-A 5Gbps signaling rate (HP Sleep and Charge); 1 SuperSpeed USB Type-A 5Gbps signaling rate; 1 AC smart pin; 1 headphone/microphon,Windows 11 Home,,," Vỏ nhôm",29.590.000 ₫,24.690.000 ₫ [Giá đã có VAT],"12 Tháng. Bảo hành tại hãng. Bảo hành tại nơi sử dụng. Đổi mới 30 ngày "
" HP Envy X360 13-bf0114TU 7C0P0PA ",Core i5 1230U 3.3GHz,8Gb (Onboard) DDR4 3200," 512Gb SSD",VGA onboard - Intel Iris Xe Graphics,13.3inch OLED Touch,1 Thunderbolt 4 with USB4 Type-C 40Gbps; 1 SuperSpeed USB Type-A 5Gbps signaling rate (HP Sleep and Charge); 1 SuperSpeed USB Type-A 5Gbps signaling rate; 1 AC smart pin; 1 headphone/microphon,Windows 11 Home,,," Vỏ nhôm",28.790.000 ₫,24.790.000 ₫ [Giá đã có VAT],"12 Tháng. Bảo hành tại hãng. Bảo hành tại nơi sử dụng. Đổi mới 30 ngày "
" HP Envy X360 13-bf0092TU 76V59PA ",Core i7 1250U 3.5GHz,8Gb (Onboard) DDR4 3200," 512Gb SSD",VGA onboard - Intel Iris Xe Graphics,13.3inch OLED Touch,1 Thunderbolt 4 with USB4 Type-C 40Gbps; 1 SuperSpeed USB Type-A 5Gbps signaling rate (HP Sleep and Charge); 1 SuperSpeed USB Type-A 5Gbps signaling rate; 1 AC smart pin; 1 headphone/microphon,Windows 11 Home,,," Vỏ nhôm",32.590.000 ₫,26.390.000 ₫ [Giá đã có VAT],"12 Tháng. Bảo hành tại hãng. Bảo hành tại nơi sử dụng. Đổi mới 30 ngày "
" HP Envy X360 13-bf0114TU 7C0P0PA ",Core i5 1230U 3.3GHz,8Gb (Onboard) DDR4 3200," 512Gb SSD",VGA onboard - Intel Iris Xe Graphics,13.3inch OLED Touch,1 Thunderbolt 4 with USB4 Type-C 40Gbps; 1 SuperSpeed USB Type-A 5Gbps signaling rate (HP Sleep and Charge); 1 SuperSpeed USB Type-A 5Gbps signaling rate; 1 AC smart pin; 1 headphone/microphon,Windows 11 Home,,," Vỏ nhôm",28.790.000 ₫,24.790.000 ₫ [Giá đã có V,"12 Tháng. Bảo hành tại hãng. Bảo hành tại nơi sử dụng. Đổi mới 30 ngày "
" HP Pavilion 14-dv2076TU 7C0P4PA ",Core i5 1235U 1.3GHz,8Gb (2x4Gb) DDR4 3200," 512Gb SSD",VGA onboard - Intel Iris Xe Graphics,14.0inch Full HD,1 Thunderbolt 4 with USB4 Type-C 40Gbps; 1 SuperSpeed USB Type-A 5Gbps signaling rate (HP Sleep and Charge); 1 SuperSpeed USB Type-A 5Gbps signaling rate; 1 AC smart pin; 1 headphone/microphon,Windows 11 Home,,," Vỏ nhôm",18.690.000 ₫,15.690.000 ₫ [Giá đã có VAT],"12 Tháng. Bảo hành tại hãng. Bảo hành tại nơi sử dụng. Đổi mới 30 ngày "
" HP Pavilion 14-dv2032TU 6K768PA ",Core i7 1255U 1.7GHz,8Gb (2x4Gb) DDR4 3200," 512Gb SSD",VGA onboard - Intel Iris Xe Graphics,14.0inch Full HD,1 Thunderbolt 4 with USB4 Type-C 40Gbps; 1 SuperSpeed USB Type-A 5Gbps signaling rate (HP Sleep and Charge); 1 SuperSpeed USB Type-A 5Gbps signaling rate; 1 AC smart pin; 1 headphone/microphon,Windows 11 Home,,," Vỏ nhựa",22.890.000 ₫,19.790.000 ₫ [Giá đã có V,"12 Tháng. Bảo hành tại hãng. Bảo hành tại nơi sử dụng. Đổi mới 30 ngày "
" HP Pavilion 15-eg2087TU 7C0Q9PA ",Core i3 1215U 1.2GHz,8Gb (2x4Gb) DDR4 3200," 512Gb SSD",VGA onboard - Intel UHD Graphics,15.6inch Full HD,1 Thunderbolt 4 with USB4 Type-C 40Gbps; 1 SuperSpeed USB Type-A 5Gbps signaling rate (HP Sleep and Charge); 1 SuperSpeed USB Type-A 5Gbps signaling rate; 1 AC smart pin; 1 headphone/microphon,Windows 11 Home,,," Vỏ nhôm",15.290.000 ₫,11.990.000 ₫ [Giá đã có VAT],"12 Tháng. Bảo hành tại hãng. Bảo hành tại nơi sử dụng. Đổi mới 30 ngày "
" HP Pavilion 15-eg2089TU 7C0R1PA ",Core i7 1260P 2.1GHz,8Gb (2x4Gb) DDR4 3200," 512Gb SSD",VGA onboard - Intel Iris Xe Graphics,15.6inch Full HD,1 Thunderbolt 4 with USB4 Type-C 40Gbps; 1 SuperSpeed USB Type-A 5Gbps signaling rate (HP Sleep and Charge); 1 SuperSpeed USB Type-A 5Gbps signaling rate; 1 AC smart pin; 1 headphone/microphon,Windows 11 Home,,," Vỏ nhôm",23.990.000 ₫,19.900.000 ₫ [Giá đã có VAT],"12 Tháng. Bảo hành tại hãng. Bảo hành tại nơi sử dụng. Đổi mới 30 ngày "
" HP Pavilion 15-eg2085TU 7C0Q7PA ",Core i5 1240P 3.3GHz,8GB," 512Gb SSD",VGA onboard - Intel Iris Xe Graphics,15.6inch Full HD,1 Thunderbolt 4 with USB4 Type-C 40Gbps; 1 SuperSpeed USB Type-A 5Gbps signaling rate (HP Sleep and Charge); 1 SuperSpeed USB Type-A 5Gbps signaling rate; 1 AC smart pin; 1 headphone/microphon,Windows 11 Home,,," Vỏ nhôm",18.790.000 ₫,15.690.000 ₫ [Giá đã có VAT,"12 Tháng. Bảo hành tại hãng. Bảo hành tại nơi sử dụng. Đổi mới 30 ngày "
" HP Pavilion 15-eg2086TU 7C0Q8PA ",Core i3 1215U 1.2GHz,8Gb (2x4Gb) DDR4 3200," 512Gb SSD",VGA onboard - Intel UHD Graphics,15.6inch Full HD,1 Thunderbolt 4 with USB4 Type-C 40Gbps; 1 SuperSpeed USB Type-A 5Gbps signaling rate (HP Sleep and Charge); 1 SuperSpeed USB Type-A 5Gbps signaling rate; 1 AC smart pin; 1 headphone/microphon,Windows 11 Home,,," Vỏ nhôm",15.290.000 ₫,11.990.000 ₫ [Giá đã có VAT],"12 Tháng. Bảo hành tại hãng. Bảo hành tại nơi sử dụng. Đổi mới 30 ngày "
" HP Pavilion 14-dv2077TU 7C0W3PA ",Core i5 1235U 1.3GHz,8Gb (2x4Gb) DDR4 3200," 512Gb SSD",VGA onboard - Intel Iris Xe Graphics,14.0inch Full HD,1 Thunderbolt 4 with USB4 Type-C 40Gbps; 1 SuperSpeed USB Type-A 5Gbps signaling rate (HP Sleep and Charge); 1 SuperSpeed USB Type-A 5Gbps signaling rate; 1 AC smart pin; 1 headphone/microphon,Windows 11 Home,,," Vỏ nhôm",18.690.000 ₫,15.490.000 ₫ [Giá đã có VAT],"12 Tháng. Bảo hành tại hãng. Bảo hành tại nơi sử dụng. Đổi mới 30 ngày "
" HP Pavilion 14-dv2071TU 7C0W0PA ",Core i7 1255U 1.7GHz,16Gb (2x8Gb) DDR4 3200," 512Gb SSD",VGA onboard - Intel Iris Xe Graphics,14.0inch Full HD,1 Thunderbolt 4 with USB4 Type-C 40Gbps; 1 SuperSpeed USB Type-A 5Gbps signaling rate (HP Sleep and Charge); 1 SuperSpeed USB Type-A 5Gbps signaling rate; 1 AC smart pin; 1 headphone/microphon,Windows 11 Home,,," Vỏ nhôm",25.190.000 ₫,20.990.000 ₫ [Giá đã có VAT],"12 Tháng. Bảo hành tại hãng. Bảo hành tại nơi sử dụng. Đổi mới 30 ngày "
" HP Pavilion x360 14-ek1047TU 80R25PA ",Core i7 1355U 1.7GHz,16Gb (2x8Gb) DDR4 3200," 512Gb SSD",VGA onboard - Intel Iris Xe Graphics,14.0inch FHD TouchScreen,1 Thunderbolt 4 with USB4 Type-C 40Gbps; 1 SuperSpeed USB Type-A 5Gbps signaling rate (HP Sleep and Charge); 1 SuperSpeed USB Type-A 5Gbps signaling rate; 1 AC smart pin; 1 headphone/microphon,Windows 11 Home,,," Vỏ nhựa",27.290.000 ₫,23.990.000 ₫ [Giá đã có VAT],"12 Tháng. Bảo hành tại hãng. Bảo hành tại nơi sử dụng. Đổi mới 30 ngày "
" HP Pavilion 15-eg2088TU 7C0R0PA ",Core i7 1260P 2.1GHz,16Gb (2x8Gb) DDR4 3200," 512Gb SSD",VGA onboard - Intel Iris Xe Graphics,15.6inch Full HD,1 Thunderbolt 4 with USB4 Type-C 40Gbps; 1 SuperSpeed USB Type-A 5Gbps signaling rate (HP Sleep and Charge); 1 SuperSpeed USB Type-A 5Gbps signaling rate; 1 AC smart pin; 1 headphone/microphon,Windows 11 Home,,," Vỏ nhôm",25.290.000 ₫,21.490.000 ₫ [Giá đã có VAT],"12 Tháng. Bảo hành tại hãng. Bảo hành tại nơi sử dụng. Đổi mới 30 ngày "
" HP Pavilion x360 14-ek1049TU 80R27PA ",Core i5 1335U 1.3GHz,16Gb (2x8Gb) DDR4 3200," 512Gb SSD",VGA onboard - Intel Iris Xe Graphics,14.0inch FHD TouchScreen,1 Thunderbolt 4 with USB4 Type-C 40Gbps; 1 SuperSpeed USB Type-A 5Gbps signaling rate (HP Sleep and Charge); 1 SuperSpeed USB Type-A 5Gbps signaling rate; 1 AC smart pin; 1 headphone/microphon,Windows 11 Home,,," Vỏ nhôm",24.190.000 ₫,20.990.000 ₫ [Giá đã có VAT],"12 Tháng. Bảo hành tại hãng. Bảo hành tại nơi sử dụng. Đổi mới 30 ngày "
" HP Pavilion 15-eg3033TX 8U6L6PA ",Core i5 1335U 1.3GHz,16Gb (2x8Gb) DDR4 3200," 512Gb SSD",VGA Nvidia - Nvidia GeForce MX550 2GB GDDR6,15.6inch Full HD,1 Thunderbolt 4 with USB4 Type-C 40Gbps; 1 SuperSpeed USB Type-A 5Gbps signaling rate (HP Sleep and Charge); 1 SuperSpeed USB Type-A 5Gbps signaling rate; 1 AC smart pin; 1 headphone/microphon,Windows 11 Home,,," Vỏ nhôm",22.290.000 ₫,19.290.000 ₫ [Giá đã có VAT],"12 Tháng. Bảo hành tại hãng. Bảo hành tại nơi sử dụng. Đổi mới 30 ngày "
" HP Pavilion 15-eg3035TX 8U6L7PA ",Core i7 1355U 1.7GHz,16Gb (2x8Gb) DDR4 3200," 512Gb SSD",VGA Nvidia - Nvidia GeForce MX550 2GB GDDR6,15.6inch Full HD,1 Thunderbolt 4 with USB4 Type-C 40Gbps; 1 SuperSpeed USB Type-A 5Gbps signaling rate (HP Sleep and Charge); 1 SuperSpeed USB Type-A 5Gbps signaling rate; 1 AC smart pin; 1 headphone/microphon,Windows 11 Home,,," Vỏ nhôm",26.590.000 ₫,23.990.000 ₫ [Giá đã có VAT],"12 Tháng. Bảo hành tại hãng. Bảo hành tại nơi sử dụng. Đổi mới 30 ngày "
" HP Pavilion 15-eg3112TU 8U6L9PA ",Core i7 1355U 1.7GHz,16Gb (2x8Gb) DDR4 3200," 512Gb SSD",VGA onboard - Intel Iris Xe Graphics,15.6inch Full HD,1 Thunderbolt 4 with USB4 Type-C 40Gbps; 1 SuperSpeed USB Type-A 5Gbps signaling rate (HP Sleep and Charge); 1 SuperSpeed USB Type-A 5Gbps signaling rate; 1 AC smart pin; 1 headphone/microphon,Windows 11 Home,,," Vỏ nhôm",25.290.000 ₫,21.990.000 ₫ [Giá đã có VAT],"12 Tháng. Bảo hành tại hãng. Bảo hành tại nơi sử dụng. Đổi mới 30 ngày "
" HP Pavilion 14-dv2074TU 7C0P3PA ",Core i5 1235U 1.3GHz,8Gb (2x4Gb) DDR4 3200," 512Gb SSD",VGA onboard - Intel Iris Xe Graphics,14.0inch Full HD,1 Thunderbolt 4 with USB4 Type-C 40Gbps; 1 SuperSpeed USB Type-A 5Gbps signaling rate (HP Sleep and Charge); 1 SuperSpeed USB Type-A 5Gbps signaling rate; 1 AC smart pin; 1 headphone/microphon,Windows 11 Home,,," Vỏ nhôm",19.690.000 ₫,16.490.000 ₫ [Giá đã có VAT],"12 Tháng. Bảo hành tại hãng. Bảo hành tại nơi sử dụng. Đổi mới 30 ngày "
" HP Pavilion 15-eg3091TU 8C5L2PA ",Core i7 1355U 1.7GHz,16Gb (2x8Gb) DDR4 3200," 512Gb SSD",VGA onboard - Intel Iris Xe Graphics,15.6inch Full HD,1 Thunderbolt 4 with USB4 Type-C 40Gbps; 1 SuperSpeed USB Type-A 5Gbps signaling rate (HP Sleep and Charge); 1 SuperSpeed USB Type-A 5Gbps signaling rate; 1 AC smart pin; 1 headphone/microphon,Windows 11 Home,,," Vỏ nhôm",25.290.000 ₫,21.990.000 ₫ [Giá đã có VAT],"12 Tháng. Bảo hành tại hãng. Bảo hành tại nơi sử dụng. Đổi mới 30 ngày "
" HP Pavilion 15-eg3092TU 8C5L3PA ",Core i7 1355U 1.7GHz,8Gb (2x4Gb) DDR4 3200," 512Gb SSD",VGA onboard - Intel Iris Xe Graphics,15.6inch Full HD,1 Thunderbolt 4 with USB4 Type-C 40Gbps; 1 SuperSpeed USB Type-A 5Gbps signaling rate (HP Sleep and Charge); 1 SuperSpeed USB Type-A 5Gbps signaling rate; 1 AC smart pin; 1 headphone/microphon,Windows 11 Home,,," Vỏ nhôm",23.990.000 ₫,20.990.000 ₫ [Giá đã có VAT],"12 Tháng. Bảo hành tại hãng. Bảo hành tại nơi sử dụng. Đổi mới 30 ngày "
" HP Pavilion 15-eg2083TU 7C0W9PA ",Core i5 1240P 3.3GHz,8Gb (2x4Gb) DDR4 3200," 512Gb SSD",VGA onboard - Intel Iris Xe Graphics,15.6inch Full HD,1 Thunderbolt 4 with USB4 Type-C 40Gbps; 1 SuperSpeed USB Type-A 5Gbps signaling rate (HP Sleep and Charge); 1 SuperSpeed USB Type-A 5Gbps signaling rate; 1 AC smart pin; 1 headphone/microphon,Windows 11 Home,,," Vỏ nhựa",19.790.000 ₫,16.490.000 ₫ [Giá đã có VAT,"12 Tháng. Bảo hành tại hãng. Bảo hành tại nơi sử dụng. Đổi mới 30 ngày "
" HP Pavilion 15-eg2085TU 7C0Q7PA ",Core i5 1240P 3.3GHz,8GB," 512Gb SSD",VGA onboard - Intel Iris Xe Graphics,15.6inch Full HD,1 Thunderbolt 4 with USB4 Type-C 40Gbps; 1 SuperSpeed USB Type-A 5Gbps signaling rate (HP Sleep and Charge); 1 SuperSpeed USB Type-A 5Gbps signaling rate; 1 AC smart pin; 1 headphone/microphon,Windows 11 Home,,," Vỏ nhôm",18.790.000 ₫,15.690.000 ₫ [Giá đã có VAT],"12 Tháng. Bảo hành tại hãng. Bảo hành tại nơi sử dụng. Đổi mới 30 ngày "
" HP Pavilion 15-eg2083TU 7C0W9PA ",Core i5 1240P 3.3GHz,8Gb (2x4Gb) DDR4 3200," 512Gb SSD",VGA onboard - Intel Iris Xe Graphics,15.6inch Full HD,1 Thunderbolt 4 with USB4 Type-C 40Gbps; 1 SuperSpeed USB Type-A 5Gbps signaling rate (HP Sleep and Charge); 1 SuperSpeed USB Type-A 5Gbps signaling rate; 1 AC smart pin; 1 headphone/microphon,Windows 11 Home,,," Vỏ nhôm",19.790.000 ₫,16.490.000 ₫ [Giá đã có VAT],"12 Tháng. Bảo hành tại hãng. Bảo hành tại nơi sử dụng. Đổi mới 30 ngày "
"HP ENVY X360 13-BF0094TU 76B14PA ",Core i5 1230U 3.3GHz,16GB," 512Gb SSD",VGA onboard - Intel Iris Xe Graphics,13.3inch OLED Touch,1 Thunderbolt 4 with USB4 Type-C 40Gbps; 1 SuperSpeed USB Type-A 5Gbps signaling rate (HP Sleep and Charge); 1 SuperSpeed USB Type-A 5Gbps signaling rate; 1 AC smart pin; 1 headphone/microphon,Windows 11 Home,,," Vỏ nhôm",29.590.000 ₫,22.990.000 ₫ [Giá đã có VAT],"12 Tháng. Bảo hành tại hãng. Bảo hành tại nơi sử dụng. Đổi mới 30 ngày "
" HP Gaming Victus 16-e1104AX 7C0S9PA ",Ryzen 7 6800H 3.2Ghz,8Gb DDR5 4800," 512Gb SSD",VGA Nvidia,Khoảng 16 inch,1 Thunderbolt 4 with USB4 Type-C 40Gbps; 1 SuperSpeed USB Type-A 5Gbps signaling rate (HP Sleep and Charge); 1 SuperSpeed USB Type-A 5Gbps signaling rate; 1 AC smart pin; 1 headphone/microphon,Windows 11 Home,,," Vỏ nhôm",29.290.000 ₫,23.800.000 ₫ [Giá đã có VAT],"12 Tháng. Bảo hành tại hãng. Bảo hành tại nơi sử dụng. Đổi mới 30 ngày "
" HP Gaming Victus 16-d1187TX 7C0S4PA ",Core i7 12700H 2.3GHz,8Gb DDR5 4800," 512Gb SSD",VGA Nvidia - Nvidia GeForce RTX 3050Ti 4Gb GDDR6,Khoảng 16 inch,1 Thunderbolt 4 with USB4 Type-C 40Gbps; 1 SuperSpeed USB Type-A 5Gbps signaling rate (HP Sleep and Charge); 1 SuperSpeed USB Type-A 5Gbps signaling rate; 1 AC smart pin; 1 headphone/microphon,Windows 11 Home,,," Vỏ nhôm",32.990.000 ₫,24.990.000 ₫ [Giá đã có VAT],"12 Tháng. Bảo hành tại hãng. Bảo hành tại nơi sử dụng. Đổi mới 30 ngày "
" HP Gaming Victus 16-d1193TX 7C138PA ",Core i5 12500H 2.5GHz,8Gb DDR5 4800," 512Gb SSD",VGA Nvidia,Khoảng 16 inch,1 Thunderbolt 4 with USB4 Type-C 40Gbps; 1 SuperSpeed USB Type-A 5Gbps signaling rate (HP Sleep and Charge); 1 SuperSpeed USB Type-A 5Gbps signaling rate; 1 AC smart pin; 1 headphone/microphon,Windows 11 Home,,," Vỏ nhôm",27.690.000 ₫,22.490.000 ₫ [Giá đã có VAT],"12 Tháng. Bảo hành tại hãng. Bảo hành tại nơi sử dụng. Đổi mới 30 ngày "
" HP Gaming Victus 15-fa0110TX 7C0R3PA ",Core i7 12700H 2.3GHz,8Gb DDR4 3200," 512Gb SSD",VGA Nvidia - Nvidia GeForce RTX 3050 4Gb GDDR6,15.6inch Full HD,1 Thunderbolt 4 with USB4 Type-C 40Gbps; 1 SuperSpeed USB Type-A 5Gbps signaling rate (HP Sleep and Charge); 1 SuperSpeed USB Type-A 5Gbps signaling rate; 1 AC smart pin; 1 headphone/microphon,Windows 11 Home,,," Vỏ nhựa",30.490.000 ₫,23.990.000 ₫ [Giá đã có VAT],"12 Tháng. Bảo hành tại hãng. Bảo hành tại nơi sử dụng. Đổi mới 30 ngày "
" HP Gaming Victus 16-e1105AX 7C0T0PA ",Ryzen 5 6600H 3.3GHz,16Gb (2x8Gb) DDR5 4800," 512Gb SSD",VGA Nvidia - Nvidia GeForce RTX 3050Ti 4Gb GDDR6,Khoảng 16 inch,1 Thunderbolt 4 with USB4 Type-C 40Gbps; 1 SuperSpeed USB Type-A 5Gbps signaling rate (HP Sleep and Charge); 1 SuperSpeed USB Type-A 5Gbps signaling rate; 1 AC smart pin; 1 headphone/microphon,Windows 11 Home,,," Vỏ nhôm",27.990.000 ₫,20.990.000 ₫ [Giá đã có VAT],"12 Tháng. Bảo hành tại hãng. Bảo hành tại nơi sử dụng. Đổi mới 30 ngày "
" HP Gaming Victus 15-fa0108TX 7C0X0PA ",Core i7 12700H 2.3GHz,16Gb (2x8Gb) DDR4 3200," 512Gb SSD",VGA Nvidia - Nvidia GeForce RTX 3050Ti 4Gb GDDR6,15.6inch Full HD,1 Thunderbolt 4 with USB4 Type-C 40Gbps; 1 SuperSpeed USB Type-A 5Gbps signaling rate (HP Sleep and Charge); 1 SuperSpeed USB Type-A 5Gbps signaling rate; 1 AC smart pin; 1 headphone/microphon,Windows 11 Home,,," Vỏ nhôm",32.990.000 ₫,25.990.000 ₫ [Giá đã có VAT],"12 Tháng. Bảo hành tại hãng. Bảo hành tại nơi sử dụng. Đổi mới 30 ngày "
" HP Gaming Victus 15-fa1087TX 8C5M4PA ",Core i7-13620H 2.4GHz,16Gb (2x8Gb) DDR5 4800," 512Gb SSD",VGA Nvidia - Nvidia GeForce RTX 3050 6Gb GDDR6,15.6inch Full HD,1 Thunderbolt 4 with USB4 Type-C 40Gbps; 1 SuperSpeed USB Type-A 5Gbps signaling rate (HP Sleep and Charge); 1 SuperSpeed USB Type-A 5Gbps signaling rate; 1 AC smart pin; 1 headphone/microphon,Windows 11 Home,,," Vỏ nhôm",32.290.000 ₫,31.590.000 ₫ [Giá đã có VAT],"12 Tháng. Bảo hành tại hãng. Bảo hành tại nơi sử dụng. Đổi mới 30 ngày "
" HP Gaming Victus 16-e1106AX 7C0T1PA ",Ryzen 5 6600H 3.3GHz,8Gb DDR5 4800," 512Gb SSD",VGA Nvidia - Nvidia GeForce RTX 3050Ti 4Gb GDDR6,Khoảng 16 inch,1 Thunderbolt 4 with USB4 Type-C 40Gbps; 1 SuperSpeed USB Type-A 5Gbps signaling rate (HP Sleep and Charge); 1 SuperSpeed USB Type-A 5Gbps signaling rate; 1 AC smart pin; 1 headphone/microphon,Windows 11 Home,,," Vỏ nhôm",26.490.000 ₫,22.490.000 ₫ [Giá đã có VAT],"12 Tháng. Bảo hành tại hãng. Bảo hành tại nơi sử dụng. Đổi mới 30 ngày "
" HP Gaming Victus 16-s0078AX 8C5N7PA ",Ryzen 5 7640HS 4.3GHz,16Gb (2x8Gb) DDR5 4800," 512Gb SSD",VGA Nvidia - Nvidia GeForce RTX 3050 6Gb GDDR6,16.1inch FHD,1 Thunderbolt 4 with USB4 Type-C 40Gbps; 1 SuperSpeed USB Type-A 5Gbps signaling rate (HP Sleep and Charge); 1 SuperSpeed USB Type-A 5Gbps signaling rate; 1 AC smart pin; 1 headphone/microphon,Windows 11 Home,,," Vỏ nhôm",27.390.000 ₫,26.590.000 ₫ [Giá đã có VAT],"12 Tháng. Bảo hành tại hãng. Bảo hành tại nơi sử dụng. Đổi mới 30 ngày "
" HP Gaming Victus 16-d1185TX 7C0S3PA ",Core i7 12700H 2.3GHz,16Gb (2x8Gb) DDR4 3200," 512Gb SSD",VGA Nvidia - Nvidia GeForce RTX 3060 6GB GDDR6,16.1inch FHD,1 Thunderbolt 4 with USB4 Type-C 40Gbps; 1 SuperSpeed USB Type-A 5Gbps signaling rate (HP Sleep and Charge); 1 SuperSpeed USB Type-A 5Gbps signaling rate; 1 AC smart pin; 1 headphone/microphon,Windows 11 Home,,," Vỏ nhôm",37.990.000 ₫,29.990.000 ₫ [Giá đã có VAT],"12 Tháng. Bảo hành tại hãng. Bảo hành tại nơi sử dụng. Đổi mới 30 ngày "
" HP Gaming Victus 16-r0129TX 8C5N4PA ",Core i7 13700H 3.7GHz,16Gb (2x8Gb) DDR5 4800," 512Gb SSD",VGA Nvidia - Nvidia GeForce RTX 3050 6Gb GDDR6,16.1inch QHD,1 Thunderbolt 4 with USB4 Type-C 40Gbps; 1 SuperSpeed USB Type-A 5Gbps signaling rate (HP Sleep and Charge); 1 SuperSpeed USB Type-A 5Gbps signaling rate; 1 AC smart pin; 1 headphone/microphon,Windows 11 Home,,," Vỏ nhôm",32.690.000 ₫,30.990.000 ₫ [Giá đã có VAT],"12 Tháng. Bảo hành tại hãng. Bảo hành tại nơi sử dụng. Đổi mới 30 ngày "
" HP Gaming Victus 16-r0127TX 8C5N2PA ",Core i7 13700H 3.7GHz,16Gb (2x8Gb) DDR5 4800," 512Gb SSD",VGA Nvidia - Nvidia GeForce RTX 4060 8GB GDDR6,15.6inch Full HD,1 Thunderbolt 4 with USB4 Type-C 40Gbps; 1 SuperSpeed USB Type-A 5Gbps signaling rate (HP Sleep and Charge); 1 SuperSpeed USB Type-A 5Gbps signaling rate; 1 AC smart pin; 1 headphone/microphon,Windows 11 Home,,," Vỏ nhôm",38.390.000 ₫,37.590.000 ₫ [Giá đã có VAT],"12 Tháng. Bảo hành tại hãng. Bảo hành tại nơi sử dụng. Đổi mới 30 ngày "
" HP Gaming Victus 15-fa1089TX 8C5M6PA ",Core i7-13620H 2.4GHz,8Gb DDR5 4800," 512Gb SSD",VGA Nvidia - Nvidia GeForce RTX 3050 6Gb GDDR6,15.6inch Full HD,1 Thunderbolt 4 with USB4 Type-C 40Gbps; 1 SuperSpeed USB Type-A 5Gbps signaling rate (HP Sleep and Charge); 1 SuperSpeed USB Type-A 5Gbps signaling rate; 1 AC smart pin; 1 headphone/microphon,Windows 11 Home,,," Vỏ nhôm",31.290.000 ₫,30.590.000 ₫ [Giá đã có VAT],"12 Tháng. Bảo hành tại hãng. Bảo hành tại nơi sử dụng. Đổi mới 30 ngày "
" HP Gaming Victus 15-fa1085TX 8C5M2PA ",Core i7 13700H 3.7GHz,16Gb (2x8Gb) DDR5 4800," 512Gb SSD",VGA Nvidia - Nvidia GeForce RTX 4050 6GB GDDR6,15.6inch Full HD,1 Thunderbolt 4 with USB4 Type-C 40Gbps; 1 SuperSpeed USB Type-A 5Gbps signaling rate (HP Sleep and Charge); 1 SuperSpeed USB Type-A 5Gbps signaling rate; 1 AC smart pin; 1 headphone/microphon,Windows 11 Home,,," Vỏ nhôm",33.990.000 ₫,32.790.000 ₫ [Giá đã có VAT],"12 Tháng. Bảo hành tại hãng. Bảo hành tại nơi sử dụng. Đổi mới 30 ngày "
" HP Gaming Victus 15-fa1139TX 8Y6W3PA ",Core i5 12450H 3.3GHz,16Gb (2x8Gb) DDR4 3200," 512Gb SSD",VGA Nvidia - Nvidia GeForce RTX 2050 4GB GDDR6,15.6inch Full HD,1 Thunderbolt 4 with USB4 Type-C 40Gbps; 1 SuperSpeed USB Type-A 5Gbps signaling rate (HP Sleep and Charge); 1 SuperSpeed USB Type-A 5Gbps signaling rate; 1 AC smart pin; 1 headphone/microphon,Windows 11 Home,,," Vỏ nhôm",22.900.000 ₫,19.890.000 ₫ [Giá đã có VAT],"12 Tháng. Bảo hành tại hãng. Bảo hành tại nơi sử dụng. Đổi mới 30 ngày "
" HP Gaming Victus 16-e1107AX 7C140PA ",Ryzen 5 6600H 3.3GHz,8Gb DDR5 4800," 512Gb SSD",VGA Nvidia - Nvidia GeForce RTX 3050 4Gb GDDR6,16.1inch FHD,1 Thunderbolt 4 with USB4 Type-C 40Gbps; 1 SuperSpeed USB Type-A 5Gbps signaling rate (HP Sleep and Charge); 1 SuperSpeed USB Type-A 5Gbps signaling rate; 1 AC smart pin; 1 headphone/microphon,Windows 11 Home,,," Vỏ nhựa",25.490.000 ₫,17.590.000 ₫ [Giá đã có VAT],"12 Tháng. Bảo hành tại hãng. Bảo hành tại nơi sử dụng. Đổi mới 30 ngày "
"Laptop HP Gaming Victus 16-d1187TX 7C0S4PA ",Core i7 12700H 2.3GHz,8Gb DDR5 4800," 512Gb SSD",VGA Nvidia - Nvidia GeForce RTX 3050Ti 4Gb GDDR6,Khoảng 16 inch,1 Thunderbolt 4 with USB4 Type-C 40Gbps; 1 SuperSpeed USB Type-A 5Gbps signaling rate (HP Sleep and Charge); 1 SuperSpeed USB Type-A 5Gbps signaling rate; 1 AC smart pin; 1 headphone/microphon,Windows 11 Home,,," Vỏ nhôm",32.990.000 ₫,24.990.000 ₫ [Giá đã có VAT],"12 Tháng. Bảo hành tại hãng. Bảo hành tại nơi sử dụng. Đổi mới 30 ngày "
"Laptop Victus Gaming\n\n\nLaptop HP Gaming Victus 16-e1104AX 7C0S9PA ",Ryzen 7 6800H 3.2Ghz,8Gb DDR5 4800," 512Gb SSD",VGA Nvidia,Khoảng 16 inch,1 Thunderbolt 4 with USB4 Type-C 40Gbps; 1 SuperSpeed USB Type-A 5Gbps signaling rate (HP Sleep and Charge); 1 SuperSpeed USB Type-A 5Gbps signaling rate; 1 AC smart pin; 1 headphone/microphon,Windows 11 Home,,," Vỏ nhôm",29.290.000 ₫,23.800.000 ₫ [Giá đã có VAT],"12 Tháng. Bảo hành tại hãng. Bảo hành tại nơi sử dụng. Đổi mới 30 ngày "
"Laptop Victus Gaming\n\n\nLaptop HP Gaming Victus 16-d1193TX 7C138PA ",Core i5 12500H 2.5GHz,8Gb DDR5 4800," 512Gb SSD",VGA Nvidia,Khoảng 16 inch,1 Thunderbolt 4 with USB4 Type-C 40Gbps; 1 SuperSpeed USB Type-A 5Gbps signaling rate (HP Sleep and Charge); 1 SuperSpeed USB Type-A 5Gbps signaling rate; 1 AC smart pin; 1 headphone/microphon,Windows 11 Home,,," Vỏ nhôm",27.690.000 ₫,22.490.000 ₫ [Giá đã có VAT],"12 Tháng. Bảo hành tại hãng. Bảo hành tại nơi sử dụng. Đổi mới 30 ngày "
"Laptop HP Gaming Victus 15-fa0110TX 7C0R3PA ",Core i7 12700H 2.3GHz,8Gb DDR4 3200," 512Gb SSD",VGA Nvidia - Nvidia GeForce RTX 3050 4Gb GDDR6,15.6inch Full HD,1 Thunderbolt 4 with USB4 Type-C 40Gbps; 1 SuperSpeed USB Type-A 5Gbps signaling rate (HP Sleep and Charge); 1 SuperSpeed USB Type-A 5Gbps signaling rate; 1 AC smart pin; 1 headphone/microphon,Windows 11 Home,,," Vỏ nhôm",30.490.000 ₫,23.990.000 ₫ [Giá đã có VAT],"12 Tháng. Bảo hành tại hãng. Bảo hành tại nơi sử dụng. Đổi mới 30 ngày "
"Laptop HP Gaming Victus 16-e1105AX 7C0T0PA ",Ryzen 5 6600H 3.3GHz,16Gb (2x8Gb) DDR5 4800," 512Gb SSD",VGA Nvidia - Nvidia GeForce RTX 3050Ti 4Gb GDDR6,Khoảng 16 inch,1 Thunderbolt 4 with USB4 Type-C 40Gbps; 1 SuperSpeed USB Type-A 5Gbps signaling rate (HP Sleep and Charge); 1 SuperSpeed USB Type-A 5Gbps signaling rate; 1 AC smart pin; 1 headphone/microphon,Windows 11 Home,,," Vỏ nhôm",27.990.000 ₫,20.990.000 ₫ [Giá đã có VAT],"12 Tháng. Bảo hành tại hãng. Bảo hành tại nơi sử dụng. Đổi mới 30 ngày "
"Laptop Victus Gaming\n\n\nLaptop HP Gaming Victus 15-fa0108TX 7C0X0PA ",Core i7 12700H 2.3GHz,16Gb (2x8Gb) DDR4 3200," 512Gb SSD",VGA Nvidia - Nvidia GeForce RTX 3050Ti 4Gb GDDR6,15.6inch Full HD,1 Thunderbolt 4 with USB4 Type-C 40Gbps; 1 SuperSpeed USB Type-A 5Gbps signaling rate (HP Sleep and Charge); 1 SuperSpeed USB Type-A 5Gbps signaling rate; 1 AC smart pin; 1 headphone/microphon,Windows 11 Home,,," Vỏ nhựa",32.990.000 ₫,25.990.000 ₫ [Giá đã có VAT],"12 Tháng. Bảo hành tại hãng. Bảo hành tại nơi sử dụng. Đổi mới 30 ngày "
"Laptop HP Gaming Victus 16-e1106AX 7C0T1PA ",Ryzen 5 6600H 3.3GHz,8Gb DDR5 4800," 512Gb SSD",VGA Nvidia - Nvidia GeForce RTX 3050Ti 4Gb GDDR6,Khoảng 16 inch,1 Thunderbolt 4 with USB4 Type-C 40Gbps; 1 SuperSpeed USB Type-A 5Gbps signaling rate (HP Sleep and Charge); 1 SuperSpeed USB Type-A 5Gbps signaling rate; 1 AC smart pin; 1 headphone/microphon,Windows 11 Home,,," Vỏ nhôm",26.490.000 ₫,22.490.000 ₫ [Giá đã có VAT],"12 Tháng. Bảo hành tại hãng. Bảo hành tại nơi sử dụng. Đổi mới 30 ngày "
"Laptop Victus Gaming\n\n\nLaptop HP Gaming Victus 16-d1185TX 7C0S3PA ",Core i7 12700H 2.3GHz,16Gb (2x8Gb) DDR4 3200," 512Gb SSD",VGA Nvidia - Nvidia GeForce RTX 3060 6GB GDDR6,16.1inch FHD,1 Thunderbolt 4 with USB4 Type-C 40Gbps; 1 SuperSpeed USB Type-A 5Gbps signaling rate (HP Sleep and Charge); 1 SuperSpeed USB Type-A 5Gbps signaling rate; 1 AC smart pin; 1 headphone/microphon,Windows 11 Home,,," Vỏ nhôm",37.990.000 ₫,29.990.000 ₫ [Giá đã có VAT],"12 Tháng. Bảo hành tại hãng. Bảo hành tại nơi sử dụng. Đổi mới 30 ngày "
"Laptop Victus Gaming\n\n\nLaptop HP Gaming Victus 15-fa1087TX 8C5M4PA ",Core i7-13620H 2.4GHz,16Gb (2x8Gb) DDR5 4800," 512Gb SSD",VGA Nvidia - Nvidia GeForce RTX 3050 6Gb GDDR6,15.6inch Full HD,1 Thunderbolt 4 with USB4 Type-C 40Gbps; 1 SuperSpeed USB Type-A 5Gbps signaling rate (HP Sleep and Charge); 1 SuperSpeed USB Type-A 5Gbps signaling rate; 1 AC smart pin; 1 headphone/microphon,Windows 11 Home,,," Vỏ nhôm",32.290.000 ₫,31.590.000 ₫ [Giá đã có VAT],"12 Tháng. Bảo hành tại hãng. Bảo hành tại nơi sử dụng. Đổi mới 30 ngày "
"Laptop HP Gaming Victus 16-s0078AX 8C5N7PA ",Ryzen 5 7640HS 4.3GHz,16Gb (2x8Gb) DDR5 4800," 512Gb SSD",VGA Nvidia - Nvidia GeForce RTX 3050 6Gb GDDR6,16.1inch FHD,1 Thunderbolt 4 with USB4 Type-C 40Gbps; 1 SuperSpeed USB Type-A 5Gbps signaling rate (HP Sleep and Charge); 1 SuperSpeed USB Type-A 5Gbps signaling rate; 1 AC smart pin; 1 headphone/microphon,Windows 11 Home,,," Vỏ nhôm",27.390.000 ₫,26.590.000 ₫ [Giá đã có VAT],"12 Tháng. Bảo hành tại hãng. Bảo hành tại nơi sử dụng. Đổi mới 30 ngày "
"Laptop Victus Gaming\n\n\nLaptop HP Gaming Victus 16-r0129TX 8C5N4PA ",Core i7 13700H 3.7GHz,16Gb (2x8Gb) DDR5 4800," 512Gb SSD",VGA Nvidia - Nvidia GeForce RTX 3050 6Gb GDDR6,16.1inch QHD,1 Thunderbolt 4 with USB4 Type-C 40Gbps; 1 SuperSpeed USB Type-A 5Gbps signaling rate (HP Sleep and Charge); 1 SuperSpeed USB Type-A 5Gbps signaling rate; 1 AC smart pin; 1 headphone/microphon,Windows 11 Home,,," Vỏ nhôm",32.690.000 ₫,30.990.000 ₫ [Giá đã có VAT],"12 Tháng. Bảo hành tại hãng. Bảo hành tại nơi sử dụng. Đổi mới 30 ngày "
"Laptop Victus Gaming\n\n\nLaptop HP Gaming Victus 16-r0127TX 8C5N2PA ",Core i7 13700H 3.7GHz,16Gb (2x8Gb) DDR5 4800," 512Gb SSD",VGA Nvidia - Nvidia GeForce RTX 4060 8GB GDDR6,15.6inch Full HD,1 Thunderbolt 4 with USB4 Type-C 40Gbps; 1 SuperSpeed USB Type-A 5Gbps signaling rate (HP Sleep and Charge); 1 SuperSpeed USB Type-A 5Gbps signaling rate; 1 AC smart pin; 1 headphone/microphon,Windows 11 Home,,," Vỏ nhôm",38.390.000 ₫,37.590.000 ₫ [Giá đã có VAT],"12 Tháng. Bảo hành tại hãng. Bảo hành tại nơi sử dụng. Đổi mới 30 ngày "
"Laptop Victus Gaming\n\n\nLaptop HP Gaming Victus 15-fa1089TX 8C5M6PA ",Core i7-13620H 2.4GHz,8Gb DDR5 4800," 512Gb SSD",VGA Nvidia - Nvidia GeForce RTX 3050 6Gb GDDR6,15.6inch Full HD,1 Thunderbolt 4 with USB4 Type-C 40Gbps; 1 SuperSpeed USB Type-A 5Gbps signaling rate (HP Sleep and Charge); 1 SuperSpeed USB Type-A 5Gbps signaling rate; 1 AC smart pin; 1 headphone/microphon,Windows 11 Home,,," Vỏ nhựa",31.290.000 ₫,30.590.000 ₫ [Giá đã có VAT],"12 Tháng. Bảo hành tại hãng. Bảo hành tại nơi sử dụng. Đổi mới 30 ngày "
"Laptop Victus Gaming\n\n\nLaptop HP Gaming Victus 15-fa1085TX 8C5M2PA ",Core i7 13700H 3.7GHz,16Gb (2x8Gb) DDR5 4800," 512Gb SSD",VGA Nvidia - Nvidia GeForce RTX 4050 6GB GDDR6,15.6inch Full HD,1 Thunderbolt 4 with USB4 Type-C 40Gbps; 1 SuperSpeed USB Type-A 5Gbps signaling rate (HP Sleep and Charge); 1 SuperSpeed USB Type-A 5Gbps signaling rate; 1 AC smart pin; 1 headphone/microphon,Windows 11 Home,,," Vỏ nhôm",33.990.000 ₫,32.790.000 ₫ [Giá đã có VAT],"12 Tháng. Bảo hành tại hãng. Bảo hành tại nơi sử dụng. Đổi mới 30 ngày "
"Laptop Victus Gaming\n\n\nLaptop HP Gaming Victus 15-fa1139TX 8Y6W3PA ",Core i5 12450H 3.3GHz,16Gb (2x8Gb) DDR4 3200," 512Gb SSD",VGA Nvidia - Nvidia GeForce RTX 2050 4GB GDDR6,15.6inch Full HD,1 Thunderbolt 4 with USB4 Type-C 40Gbps; 1 SuperSpeed USB Type-A 5Gbps signaling rate (HP Sleep and Charge); 1 SuperSpeed USB Type-A 5Gbps signaling rate; 1 AC smart pin; 1 headphone/microphon,Windows 11 Home,,," Vỏ nhôm",22.900.000 ₫,19.890.000 ₫ [Giá đã có VAT],"12 Tháng. Bảo hành tại hãng. Bảo hành tại nơi sử dụng. Đổi mới 30 ngày "
"Laptop HP Gaming Victus 16-e1107AX 7C140PA ",Ryzen 5 6600H 3.3GHz,8Gb DDR5 4800," 512Gb SSD",VGA Nvidia - Nvidia GeForce RTX 3050 4Gb GDDR6,16.1inch FHD,1 Thunderbolt 4 with USB4 Type-C 40Gbps; 1 SuperSpeed USB Type-A 5Gbps signaling rate (HP Sleep and Charge); 1 SuperSpeed USB Type-A 5Gbps signaling rate; 1 AC smart pin; 1 headphone/microphon,Windows 11 Home,,," Vỏ nhôm",25.490.000 ₫,17.590.000 ₫ [Giá đã có VAT],"12 Tháng. Bảo hành tại hãng. Bảo hành tại nơi sử dụng. Đổi mới 30 ngày "
" HP 240 G9 6L1Y2PA ",Core i5 1235U 1.3GHz,8Gb DDR4 3200," 512Gb SSD",VGA onboard - Intel Iris Xe Graphics,14.0inch Full HD,1 Thunderbolt 4 with USB4 Type-C 40Gbps; 1 SuperSpeed USB Type-A 5Gbps signaling rate (HP Sleep and Charge); 1 SuperSpeed USB Type-A 5Gbps signaling rate; 1 AC smart pin; 1 headphone/microphon,Windows 11 Home,,," Vỏ nhôm",18.590.000 ₫,15.490.000 ₫ [Giá đã có VAT],"12 Tháng. Bảo hành tại hãng. Bảo hành tại nơi sử dụng. Đổi mới 30 ngày "
" HP 240 G9 6L1Y4PA ",Core i7 1255U 1.7GHz,8Gb DDR4 3200," 512Gb SSD",VGA onboard - Intel Iris Xe Graphics,14.0inch Full HD,1 Thunderbolt 4 with USB4 Type-C 40Gbps; 1 SuperSpeed USB Type-A 5Gbps signaling rate (HP Sleep and Charge); 1 SuperSpeed USB Type-A 5Gbps signaling rate; 1 AC smart pin; 1 headphone/microphon,Windows 11 Home,,," Vỏ nhôm",21.190.000 ₫,17.990.000 ₫ [Giá đã có VAT],"12 Tháng. Bảo hành tại hãng. Bảo hành tại nơi sử dụng. Đổi mới 30 ngày "
" HP 240 G10 8F134PA ",Core i5 1335U 1.3GHz,8Gb DDR4 3200," 512Gb SSD",VGA onboard - Intel UHD Graphics,14.0inch Full HD,1 Thunderbolt 4 with USB4 Type-C 40Gbps; 1 SuperSpeed USB Type-A 5Gbps signaling rate (HP Sleep and Charge); 1 SuperSpeed USB Type-A 5Gbps signaling rate; 1 AC smart pin; 1 headphone/microphon,Windows 11 Home,,," Vỏ nhôm",18.790.000 ₫,17.190.000 ₫ [Giá đã có VAT],"12 Tháng. Bảo hành tại hãng. Bảo hành tại nơi sử dụng. Đổi mới 30 ngày "
" HP 240 G10 8F131PA ",Core i3 1315U 1.2GHz,8Gb DDR4 3200," 512Gb SSD",VGA onboard - Intel UHD Graphics,14.0inch Full HD,1 Thunderbolt 4 with USB4 Type-C 40Gbps; 1 SuperSpeed USB Type-A 5Gbps signaling rate (HP Sleep and Charge); 1 SuperSpeed USB Type-A 5Gbps signaling rate; 1 AC smart pin; 1 headphone/microphon,Windows 11 Home,,," Vỏ nhôm",13.790.000 ₫,13.290.000 ₫ [Giá đã có VAT],"12 Tháng. Bảo hành tại hãng. Bảo hành tại nơi sử dụng. Đổi mới 30 ngày "
" HP 240 G10 8F133PA ",Core i5 1335U 1.3GHz,8Gb DDR4 3200," 512Gb SSD",VGA onboard - Intel UHD Graphics,14.0inch Full HD,1 Thunderbolt 4 with USB4 Type-C 40Gbps; 1 SuperSpeed USB Type-A 5Gbps signaling rate (HP Sleep and Charge); 1 SuperSpeed USB Type-A 5Gbps signaling rate; 1 AC smart pin; 1 headphone/microphon,Windows 11 Home,,," Vỏ nhôm",17.990.000 ₫,16.490.000 ₫ [Giá đã có VAT],"12 Tháng. Bảo hành tại hãng. Bảo hành tại nơi sử dụng. Đổi mới 30 ngày "
" HP 240 G10 8F136PA ",Core i5 1335U 1.3GHz,16Gb DDR4 3200," 512Gb SSD",VGA onboard - Intel UHD Graphics,14.0inch Full HD,1 Thunderbolt 4 with USB4 Type-C 40Gbps; 1 SuperSpeed USB Type-A 5Gbps signaling rate (HP Sleep and Charge); 1 SuperSpeed USB Type-A 5Gbps signaling rate; 1 AC smart pin; 1 headphone/microphon,Windows 11 Home,,," Vỏ nhựa",19.590.000 ₫,17.690.000 ₫ [Giá đã có VAT],"12 Tháng. Bảo hành tại hãng. Bảo hành tại nơi sử dụng. Đổi mới 30 ngày "
" HP 240 G10 8F129PA ",Core i3 1315U 1.2GHz,8Gb DDR4 3200," 512Gb SSD",VGA onboard - Intel UHD Graphics,14.0inch Full HD,1 Thunderbolt 4 with USB4 Type-C 40Gbps; 1 SuperSpeed USB Type-A 5Gbps signaling rate (HP Sleep and Charge); 1 SuperSpeed USB Type-A 5Gbps signaling rate; 1 AC smart pin; 1 headphone/microphon,Windows 11 Home,,," Vỏ nhôm",12.990.000 ₫,12.590.000 ₫ [Giá đã có VAT],"12 Tháng. Bảo hành tại hãng. Bảo hành tại nơi sử dụng. Đổi mới 30 ngày "
" HP 240 G9 6L1X8PA ",Core i3 1215U 1.2GHz,8Gb DDR4 3200," 512Gb SSD",VGA onboard - Intel UHD Graphics,14.0inch Full HD,1 Thunderbolt 4 with USB4 Type-C 40Gbps; 1 SuperSpeed USB Type-A 5Gbps signaling rate (HP Sleep and Charge); 1 SuperSpeed USB Type-A 5Gbps signaling rate; 1 AC smart pin; 1 headphone/microphon,Windows 11 Home,,," Vỏ nhôm",0.990.000 ₫,nBán hàng trực tuyến,"12 Tháng. Bảo hành tại hãng. Bảo hành tại nơi sử dụng. Đổi mới 30 ngày "
" HP 240 G10 8F139PA ",Core i7 1355U 1.7GHz,8Gb DDR4 3200," 512Gb SSD",VGA onboard - Intel UHD Graphics,14.0inch Full HD,1 Thunderbolt 4 with USB4 Type-C 40Gbps; 1 SuperSpeed USB Type-A 5Gbps signaling rate (HP Sleep and Charge); 1 SuperSpeed USB Type-A 5Gbps signaling rate; 1 AC smart pin; 1 headphone/microphon,Windows 11 Home,,," Vỏ nhôm",20.990.000 ₫,19.490.000 ₫ [Giá đã có VAT],"12 Tháng. Bảo hành tại hãng. Bảo hành tại nơi sử dụng. Đổi mới 30 ngày "
"Laptop HP 240 G9 6L1Y4PA ",Core i7 1255U 1.7GHz,8Gb DDR4 3200," 512Gb SSD",VGA onboard - Intel Iris Xe Graphics,14.0inch Full HD,1 Thunderbolt 4 with USB4 Type-C 40Gbps; 1 SuperSpeed USB Type-A 5Gbps signaling rate (HP Sleep and Charge); 1 SuperSpeed USB Type-A 5Gbps signaling rate; 1 AC smart pin; 1 headphone/microphon,Windows 11 Home,,," Vỏ nhôm",21.190.000 ₫,17.990.000 ₫ [Giá đã có VAT],"12 Tháng. Bảo hành tại hãng. Bảo hành tại nơi sử dụng. Đổi mới 30 ngày "
" HP 240 G10 8F140PA ",Core i7 1355U 1.7GHz,16Gb DDR4 3200," 512Gb SSD",VGA onboard - Intel UHD Graphics,14.0inch Full HD,1 Thunderbolt 4 with USB4 Type-C 40Gbps; 1 SuperSpeed USB Type-A 5Gbps signaling rate (HP Sleep and Charge); 1 SuperSpeed USB Type-A 5Gbps signaling rate; 1 AC smart pin; 1 headphone/microphon,Windows 11 Home,,," Vỏ nhựa",21.990.000 ₫,19.990.000 ₫ [Giá đã có VAT],"12 Tháng. Bảo hành tại hãng. Bảo hành tại nơi sử dụng. Đổi mới 30 ngày "
" HP ProBook 450 G10 873D3PA ",Core i7 1360P 2.2GHz,16Gb DDR4 3200," 512Gb SSD",VGA onboard - Intel UHD Graphics,15.6inch FHD Touch screen,1 Thunderbolt 4 with USB4 Type-C 40Gbps; 1 SuperSpeed USB Type-A 5Gbps signaling rate (HP Sleep and Charge); 1 SuperSpeed USB Type-A 5Gbps signaling rate; 1 AC smart pin; 1 headphone/microphon,Windows 11 Home,,," Vỏ nhôm",27.000.000 ₫,24.590.000 ₫ [Giá đã có VAT],"12 Tháng. Bảo hành tại hãng. Bảo hành tại nơi sử dụng. Đổi mới 30 ngày "
" HP ProBook 440 G10 873A8PA ",Core i5 1335U 1.3GHz,8Gb DDR4 3200," 512Gb SSD",VGA onboard - Intel UHD Graphics,14.0inch Full HD,1 Thunderbolt 4 with USB4 Type-C 40Gbps; 1 SuperSpeed USB Type-A 5Gbps signaling rate (HP Sleep and Charge); 1 SuperSpeed USB Type-A 5Gbps signaling rate; 1 AC smart pin; 1 headphone/microphon,Windows 11 Home,,," Vỏ nhôm",21.490.000 ₫,20.290.000 ₫ [Giá đã có VAT],"12 Tháng. Bảo hành tại hãng. Bảo hành tại nơi sử dụng. Đổi mới 30 ngày "
" HP ProBook 440 G9 6M0X3PA ",Core i5 1235U 1.3GHz,8Gb DDR4 3200," 512Gb SSD",VGA onboard - Intel UHD Graphics,14.0inch Full HD,1 Thunderbolt 4 with USB4 Type-C 40Gbps; 1 SuperSpeed USB Type-A 5Gbps signaling rate (HP Sleep and Charge); 1 SuperSpeed USB Type-A 5Gbps signaling rate; 1 AC smart pin; 1 headphone/microphon,Windows 11 Home,,," Vỏ nhôm",20.990.000 ₫,17.990.000 ₫ [Giá đã có VAT],"12 Tháng. Bảo hành tại hãng. Bảo hành tại nơi sử dụng. Đổi mới 30 ngày "
" HP EliteBook 640 G9 6M154PA ",Core i5 1235U 1.3GHz,8Gb DDR4 3200," 512Gb SSD",VGA onboard - Intel UHD Graphics,14.0inch Full HD,1 Thunderbolt 4 with USB4 Type-C 40Gbps; 1 SuperSpeed USB Type-A 5Gbps signaling rate (HP Sleep and Charge); 1 SuperSpeed USB Type-A 5Gbps signaling rate; 1 AC smart pin; 1 headphone/microphon,Windows 11 Home,,," Vỏ nhựa",21.590.000 ₫,19.290.000 ₫ [Giá đã có VAT],"12 Tháng. Bảo hành tại hãng. Bảo hành tại nơi sử dụng. Đổi mới 30 ngày "
" HP EliteBook 630 G9 6M146PA ",Core i7 1255U 1.7GHz,16Gb DDR4 3200," 512Gb SSD",VGA onboard - Intel UHD Graphics,13.3inch Full HD,1 Thunderbolt 4 with USB4 Type-C 40Gbps; 1 SuperSpeed USB Type-A 5Gbps signaling rate (HP Sleep and Charge); 1 SuperSpeed USB Type-A 5Gbps signaling rate; 1 AC smart pin; 1 headphone/microphon,Windows 11 Home,,," Vỏ nhôm",26.390.000 ₫,23.990.000 ₫ [Giá đã có VAT],"12 Tháng. Bảo hành tại hãng. Bảo hành tại nơi sử dụng. Đổi mới 30 ngày "
" HP EliteBook X360 1040 G9 6Z982PA ",Core i7 1255U 1.7GHz,16Gb (Onboard) DDR5 4800," 512Gb SSD",VGA onboard - Intel Iris Xe Graphics,14.0inch WUXGA Touch,1 Thunderbolt 4 with USB4 Type-C 40Gbps; 1 SuperSpeed USB Type-A 5Gbps signaling rate (HP Sleep and Charge); 1 SuperSpeed USB Type-A 5Gbps signaling rate; 1 AC smart pin; 1 headphone/microphon,Windows 11 Pro,,," Vỏ nhôm",49.990.000 ₫,47.990.000 ₫ [Giá đã có VAT],"12 Tháng. Bảo hành tại hãng. Bảo hành tại nơi sử dụng. Đổi mới 30 ngày "
" HP EliteBook Dragonfly G3 6Z980PA ",Core i7 1255U 1.7GHz,16Gb (Onboard) DDR5 6400," 512Gb SSD",VGA onboard - Intel Iris Xe Graphics,"13.5inch WUXGA+, Touch",1 Thunderbolt 4 with USB4 Type-C 40Gbps; 1 SuperSpeed USB Type-A 5Gbps signaling rate (HP Sleep and Charge); 1 SuperSpeed USB Type-A 5Gbps signaling rate; 1 AC smart pin; 1 headphone/microphon,Windows 11 Pro,,," Vỏ nhôm",52.590.000 ₫,48.590.000 ₫ [Giá đã có VAT],"12 Tháng. Bảo hành tại hãng. Bảo hành tại nơi sử dụng. Đổi mới 30 ngày "
" HP EliteBook 630 G9 6M145PA ",Core i7 1255U 1.7GHz,8Gb DDR4 3200," 512Gb SSD",VGA onboard - Intel UHD Graphics,13.3inch Full HD,1 Thunderbolt 4 with USB4 Type-C 40Gbps; 1 SuperSpeed USB Type-A 5Gbps signaling rate (HP Sleep and Charge); 1 SuperSpeed USB Type-A 5Gbps signaling rate; 1 AC smart pin; 1 headphone/microphon,Windows 11 Home,,," Vỏ nhôm",26.390.000 ₫,22.990.000 ₫ [Giá đã có VAT],"12 Tháng. Bảo hành tại hãng. Bảo hành tại nơi sử dụng. Đổi mới 30 ngày "
" HP EliteBook 630 G9 6M142PA ",Core i5 1235U 1.3GHz,8Gb DDR4 3200," 512Gb SSD",VGA onboard - Intel UHD Graphics,13.3inch Full HD,1 Thunderbolt 4 with USB4 Type-C 40Gbps; 1 SuperSpeed USB Type-A 5Gbps signaling rate (HP Sleep and Charge); 1 SuperSpeed USB Type-A 5Gbps signaling rate; 1 AC smart pin; 1 headphone/microphon,Windows 11 Home,,," Vỏ nhựa",21.190.000 ₫,18.690.000 ₫ [Giá đã có VAT],"12 Tháng. Bảo hành tại hãng. Bảo hành tại nơi sử dụng. Đổi mới 30 ngày "
" HP EliteBook 840 G9 6Z970PA ",Core i7 1260P 2.1GHz,8Gb DDR5 4800," 512Gb SSD",VGA onboard - Intel Iris Xe Graphics,14.0inch WUXGA,1 Thunderbolt 4 with USB4 Type-C 40Gbps; 1 SuperSpeed USB Type-A 5Gbps signaling rate (HP Sleep and Charge); 1 SuperSpeed USB Type-A 5Gbps signaling rate; 1 AC smart pin; 1 headphone/microphon,Windows 11 Pro,,," Vỏ nhôm",40.000.000 ₫,35.990.000 ₫ [Giá đã có VAT],"12 Tháng. Bảo hành tại hãng. Bảo hành tại nơi sử dụng. Đổi mới 30 ngày "
" HP EliteBook 630 G9 873F2PA ",Core i7 1355U 1.7GHz,16Gb DDR4 3200," 512Gb SSD",VGA onboard - Intel UHD Graphics,13.3inch Full HD,1 Thunderbolt 4 with USB4 Type-C 40Gbps; 1 SuperSpeed USB Type-A 5Gbps signaling rate (HP Sleep and Charge); 1 SuperSpeed USB Type-A 5Gbps signaling rate; 1 AC smart pin; 1 headphone/microphon,Windows 11 Home,,," Vỏ nhôm",2.590.000 ₫,nBán hàng trực tuyến,"12 Tháng. Bảo hành tại hãng. Bảo hành tại nơi sử dụng. Đổi mới 30 ngày "
"Laptop HP EliteBook 640 G9 6M154PA ",Core i5 1235U 1.3GHz,8Gb DDR4 3200," 512Gb SSD",VGA onboard - Intel UHD Graphics,14.0inch Full HD,1 Thunderbolt 4 with USB4 Type-C 40Gbps; 1 SuperSpeed USB Type-A 5Gbps signaling rate (HP Sleep and Charge); 1 SuperSpeed USB Type-A 5Gbps signaling rate; 1 AC smart pin; 1 headphone/microphon,Windows 11 Home,,," Vỏ nhôm",21.590.000 ₫,19.290.000 ₫ [Giá đã có VAT],"12 Tháng. Bảo hành tại hãng. Bảo hành tại nơi sử dụng. Đổi mới 30 ngày "
" HP EliteBook 640 G9 6M156PA ",Core i7 1255U 1.7GHz,8Gb DDR4 3200," 512Gb SSD",VGA onboard - Intel UHD Graphics,14.0inch Full HD,1 Thunderbolt 4 with USB4 Type-C 40Gbps; 1 SuperSpeed USB Type-A 5Gbps signaling rate (HP Sleep and Charge); 1 SuperSpeed USB Type-A 5Gbps signaling rate; 1 AC smart pin; 1 headphone/microphon,Windows 11 Home,,," Vỏ nhôm",22.590.000 ₫,22.490.000 ₫ [Giá đã có VAT],"12 Tháng. Bảo hành tại hãng. Bảo hành tại nơi sử dụng. Đổi mới 30 ngày "
"Laptop HP EliteBook 630 G9 6M146PA ",Core i7 1255U 1.7GHz,16Gb DDR4 3200," 512Gb SSD",VGA onboard - Intel UHD Graphics,13.3inch Full HD,1 Thunderbolt 4 with USB4 Type-C 40Gbps; 1 SuperSpeed USB Type-A 5Gbps signaling rate (HP Sleep and Charge); 1 SuperSpeed USB Type-A 5Gbps signaling rate; 1 AC smart pin; 1 headphone/microphon,Windows 11 Home,,," Vỏ nhôm",26.390.000 ₫,23.990.000 ₫ [Giá đã có VAT],"12 Tháng. Bảo hành tại hãng. Bảo hành tại nơi sử dụng. Đổi mới 30 ngày "
Elitebook," Elitebook x360\n\n\nLaptop HP EliteBook X360 1040 G9 6Z982PA """,Core i7 1255U 1.7GHz," 512Gb SSD",16Gb (Onboard) DDR5 4800,VGA onboard - Intel Iris Xe Graphics,1 Thunderbolt 4 with USB4 Type-C 40Gbps; 1 SuperSpeed USB Type-A 5Gbps signaling rate (HP Sleep and Charge); 1 SuperSpeed USB Type-A 5Gbps signaling rate; 1 AC smart pin; 1 headphone/microphon,14.0inch WUXGA Touch,47.990.000 ₫ [Giá đã có VAT],," Vỏ nhựa",Windows 11 Pro,49.990.000 ₫,"12 Tháng. Bảo hành tại hãng. Bảo hành tại nơi sử dụng. Đổi mới 30 ngày "
Elitebook," Elitebook x360\n\n\nLaptop HP EliteBook Dragonfly G3 6Z980PA """,Core i7 1255U 1.7GHz," 512Gb SSD",16Gb (Onboard) DDR5 6400,VGA onboard - Intel Iris Xe Graphics,1 Thunderbolt 4 with USB4 Type-C 40Gbps; 1 SuperSpeed USB Type-A 5Gbps signaling rate (HP Sleep and Charge); 1 SuperSpeed USB Type-A 5Gbps signaling rate; 1 AC smart pin; 1 headphone/microphon,"13.5inch WUXGA+, Touch",48.590.000 ₫ [Giá đã có VAT],," Vỏ nhôm",Windows 11 Pro,52.590.000 ₫,"12 Tháng. Bảo hành tại hãng. Bảo hành tại nơi sử dụng. Đổi mới 30 ngày "
"Laptop HP EliteBook 630 G9 6M145PA ",Core i7 1255U 1.7GHz,8Gb DDR4 3200," 512Gb SSD",VGA onboard - Intel UHD Graphics,13.3inch Full HD,1 Thunderbolt 4 with USB4 Type-C 40Gbps; 1 SuperSpeed USB Type-A 5Gbps signaling rate (HP Sleep and Charge); 1 SuperSpeed USB Type-A 5Gbps signaling rate; 1 AC smart pin; 1 headphone/microphon,Windows 11 Home,,," Vỏ nhôm",26.390.000 ₫,22.990.000 ₫ [Giá đã có VAT],"12 Tháng. Bảo hành tại hãng. Bảo hành tại nơi sử dụng. Đổi mới 30 ngày "
"Laptop HP EliteBook 630 G9 6M142PA ",Core i5 1235U 1.3GHz,8Gb DDR4 3200," 512Gb SSD",VGA onboard - Intel UHD Graphics,13.3inch Full HD,1 Thunderbolt 4 with USB4 Type-C 40Gbps; 1 SuperSpeed USB Type-A 5Gbps signaling rate (HP Sleep and Charge); 1 SuperSpeed USB Type-A 5Gbps signaling rate; 1 AC smart pin; 1 headphone/microphon,Windows 11 Home,,," Vỏ nhôm",21.190.000 ₫,18.690.000 ₫ [Giá đã có VAT],"12 Tháng. Bảo hành tại hãng. Bảo hành tại nơi sử dụng. Đổi mới 30 ngày "
"Laptop HP EliteBook 840 G9 6Z970PA ",Core i7 1260P 2.1GHz,8Gb DDR5 4800," 512Gb SSD",VGA onboard - Intel Iris Xe Graphics,14.0inch WUXGA,1 Thunderbolt 4 with USB4 Type-C 40Gbps; 1 SuperSpeed USB Type-A 5Gbps signaling rate (HP Sleep and Charge); 1 SuperSpeed USB Type-A 5Gbps signaling rate; 1 AC smart pin; 1 headphone/microphon,Windows 11 Pro,,," Vỏ nhôm",40.000.000 ₫,35.990.000 ₫ [Giá đã có VAT],"12 Tháng. Bảo hành tại hãng. Bảo hành tại nơi sử dụng. Đổi mới 30 ngày "
"Laptop HP EliteBook 630 G9 873F2PA ",Core i7 1355U 1.7GHz,16Gb DDR4 3200," 512Gb SSD",VGA onboard - Intel UHD Graphics,13.3inch Full HD,1 Thunderbolt 4 with USB4 Type-C 40Gbps; 1 SuperSpeed USB Type-A 5Gbps signaling rate (HP Sleep and Charge); 1 SuperSpeed USB Type-A 5Gbps signaling rate; 1 AC smart pin; 1 headphone/microphon,Windows 11 Home,,," Vỏ nhựa",àng,ang chủ / Laptop & Linh phụ kiện / Laptop theo hãng / Laptop HP,"12 Tháng. Bảo hành tại hãng. Bảo hành tại nơi sử dụng. Đổi mới 30 ngày "
"Laptop HP EliteBook 640 G9 6M156PA ",Core i7 1255U 1.7GHz,8Gb DDR4 3200," 512Gb SSD",VGA onboard - Intel UHD Graphics,14.0inch Full HD,1 Thunderbolt 4 with USB4 Type-C 40Gbps; 1 SuperSpeed USB Type-A 5Gbps signaling rate (HP Sleep and Charge); 1 SuperSpeed USB Type-A 5Gbps signaling rate; 1 AC smart pin; 1 headphone/microphon,Windows 11 Home,,," Vỏ nhôm",22.590.000 ₫,22.490.000 ₫ [Giá đã có VAT],"12 Tháng. Bảo hành tại hãng. Bảo hành tại nơi sử dụng. Đổi mới 30 ngày "
" HP EliteBook 640 G9 6M158PA ",Core i7 1255U 1.7GHz,16Gb DDR4 3200," 512Gb SSD",VGA onboard - Intel UHD Graphics,14.0inch Full HD,1 Thunderbolt 4 with USB4 Type-C 40Gbps; 1 SuperSpeed USB Type-A 5Gbps signaling rate (HP Sleep and Charge); 1 SuperSpeed USB Type-A 5Gbps signaling rate; 1 AC smart pin; 1 headphone/microphon,Windows 11 Home,,," Vỏ nhôm",26.890.000 ₫,23.990.000 ₫ [Giá đã có VAT],"12 Tháng. Bảo hành tại hãng. Bảo hành tại nơi sử dụng. Đổi mới 30 ngày "
"Laptop HP EliteBook 640 G9 6M158PA ",Core i7 1255U 1.7GHz,16Gb DDR4 3200," 512Gb SSD",VGA onboard - Intel UHD Graphics,14.0inch Full HD,1 Thunderbolt 4 with USB4 Type-C 40Gbps; 1 SuperSpeed USB Type-A 5Gbps signaling rate (HP Sleep and Charge); 1 SuperSpeed USB Type-A 5Gbps signaling rate; 1 AC smart pin; 1 headphone/microphon,Windows 11 Home,,," Vỏ nhôm",26.890.000 ₫,23.990.000 ₫ [Giá đã có VAT],"12 Tháng. Bảo hành tại hãng. Bảo hành tại nơi sử dụng. Đổi mới 30 ngày "
"HP Workstation Zbook Power 15.6 G8 33D91AV ",Core i5 11500H 2.9GHz,16Gb (2x8Gb) DDR4 3200," 512Gb SSD",VGA Quadro,15.6inch Full HD,1 Thunderbolt 4 with USB4 Type-C 40Gbps; 1 SuperSpeed USB Type-A 5Gbps signaling rate (HP Sleep and Charge); 1 SuperSpeed USB Type-A 5Gbps signaling rate; 1 AC smart pin; 1 headphone/microphon,Windows 10 Pro,,," Vỏ nhôm",47.990.000 ₫,35.990.000 ₫ [Giá đã có VAT],"12 Tháng. Bảo hành tại hãng. Bảo hành tại nơi sử dụng. Đổi mới 30 ngày "
"Laptop HP Workstation Zbook Power 15.6 G8 33D91AV ",Core i5 11500H 2.9GHz,16Gb (2x8Gb) DDR4 3200," 512Gb SSD",VGA Quadro,15.6inch Full HD,1 Thunderbolt 4 with USB4 Type-C 40Gbps; 1 SuperSpeed USB Type-A 5Gbps signaling rate (HP Sleep and Charge); 1 SuperSpeed USB Type-A 5Gbps signaling rate; 1 AC smart pin; 1 headphone/microphon,Windows 10 Pro,,," Vỏ nhôm",47.990.000 ₫,35.990.000 ₫ [Giá đã có VAT],"12 Tháng. Bảo hành tại hãng. Bảo hành tại nơi sử dụng. Đổi mới 30 ngày "
" HP Workstation Zbook Power 15.6 G8 33D91AV ",Core i5 11500H 2.9GHz,16Gb (2x8Gb) DDR4 3200," 512Gb SSD",VGA Quadro,15.6inch Full HD,1 Thunderbolt 4 with USB4 Type-C 40Gbps; 1 SuperSpeed USB Type-A 5Gbps signaling rate (HP Sleep and Charge); 1 SuperSpeed USB Type-A 5Gbps signaling rate; 1 AC smart pin; 1 headphone/microphon,Windows 10 Pro,,,Vỏ nhựa,47.990.000 ₫,35.990.000 ₫ [Giá đã có VAT],"12 Tháng. Bảo hành tại hãng. Bảo hành tại nơi sử dụng. Đổi mới 30 ngày "
"  HP ENVY X360 13-BF0094TU 76B14PA ",Core i5 1230U 3.3GHz,16GB," 512Gb SSD",VGA onboard - Intel Iris Xe Graphics,13.3inch OLED Touch,1 Thunderbolt 4 with USB4 Type-C 40Gbps; 1 SuperSpeed USB Type-A 5Gbps signaling rate (HP Sleep and Charge); 1 SuperSpeed USB Type-A 5Gbps signaling rate; 1 AC smart pin; 1 headphone/microphon,Windows 11 Home,,," Vỏ nhôm",29.590.000 ₫,22.990.000 ₫ [Giá đã có VAT],"12 Tháng. Bảo hành tại hãng. Bảo hành tại nơi sử dụng. Đổi mới 30 ngày "
"HP Envy X360 13-bf0094TU 76B14PA ",Core i5 1230U 3.3GHz,16GB," 512Gb SSD",VGA onboard - Intel Iris Xe Graphics,13.3inch OLED Touch,1 Thunderbolt 4 with USB4 Type-C 40Gbps; 1 SuperSpeed USB Type-A 5Gbps signaling rate (HP Sleep and Charge); 1 SuperSpeed USB Type-A 5Gbps signaling rate; 1 AC smart pin; 1 headphone/microphon,Windows 11 Home,,," Vỏ nhôm",29.590.000 ₫,22.990.000 ₫ [Giá đã có VAT],"12 Tháng. Bảo hành tại hãng. Bảo hành tại nơi sử dụng. Đổi mới 30 ngày "
"HP Envy X360 13-bf0090TU 76B13PA ",Core i7 1250U 3.5GHz,16GB," 512Gb SSD",VGA onboard - Intel Iris Xe Graphics,13.3inch OLED Touch,1 Thunderbolt 4 with USB4 Type-C 40Gbps; 1 SuperSpeed USB Type-A 5Gbps signaling rate (HP Sleep and Charge); 1 SuperSpeed USB Type-A 5Gbps signaling rate; 1 AC smart pin; 1 headphone/microphon,Windows 11 Home,,," Vỏ nhôm",32.990.000 ₫,27.490.000 ₫ [Giá đã có VAT],"12 Tháng. Bảo hành tại hãng. Bảo hành tại nơi sử dụng. Đổi mới 30 ngày "
"HP Envy X360 13-bf0096TU 76B16PA ",Core i5 1230U 3.3GHz,8Gb (Onboard) DDR4 3200," 512Gb SSD",VGA onboard - Intel Iris Xe Graphics,13.3inch OLED Touch,1 Thunderbolt 4 with USB4 Type-C 40Gbps; 1 SuperSpeed USB Type-A 5Gbps signaling rate (HP Sleep and Charge); 1 SuperSpeed USB Type-A 5Gbps signaling rate; 1 AC smart pin; 1 headphone/microphon,Windows 11 Home,,," Vỏ nhôm",27.690.000 ₫,21.990.000 ₫ [Giá đã có VAT],"12 Tháng. Bảo hành tại hãng. Bảo hành tại nơi sử dụng. Đổi mới 30 ngày "
"HP Envy 16-h0033TX 6K7F9PA ",Core i9 12900HK 3.8GHz,16Gb (2x8Gb) DDR5 4800," 512Gb SSD",VGA Nvidia,Khoảng 16 inch,1 Thunderbolt 4 with USB4 Type-C 40Gbps; 1 SuperSpeed USB Type-A 5Gbps signaling rate (HP Sleep and Charge); 1 SuperSpeed USB Type-A 5Gbps signaling rate; 1 AC smart pin; 1 headphone/microphon,Windows 11 Home,,," Vỏ nhôm",59.990.000 ₫,53.990.000 ₫ [Giá đã có VAT],"12 Tháng. Bảo hành tại hãng. Bảo hành tại nơi sử dụng. Đổi mới 30 ngày "
"HP Envy X360 13-bf0092TU 76V59PA """,Core i7 1250U 3.5GHz,8Gb (Onboard) DDR4 3200," 512Gb SSD",VGA onboard - Intel Iris Xe Graphics,13.3inch OLED Touch,1 Thunderbolt 4 with USB4 Type-C 40Gbps; 1 SuperSpeed USB Type-A 5Gbps signaling rate (HP Sleep and Charge); 1 SuperSpeed USB Type-A 5Gbps signaling rate; 1 AC smart pin; 1 headphone/microphon,Windows 11 Home,,," Vỏ nhôm",32.590.000 ₫,26.390.000 ₫ [Giá đã có VAT],"12 Tháng. Bảo hành tại hãng. Bảo hành tại nơi sử dụng. Đổi mới 30 ngày "
" HP Envy 16-h0033TX 6K7F9PA ",Core i9 12900HK 3.8GHz,16Gb (2x8Gb) DDR5 4800," 512Gb SSD",VGA Nvidia,Khoảng 16 inch,1 Thunderbolt 4 with USB4 Type-C 40Gbps; 1 SuperSpeed USB Type-A 5Gbps signaling rate (HP Sleep and Charge); 1 SuperSpeed USB Type-A 5Gbps signaling rate; 1 AC smart pin; 1 headphone/microphon,Windows 11 Home,,," Vỏ nhôm",59.990.000 ₫,53.990.000 ₫ [Giá đã có VAT],"12 Tháng. Bảo hành tại hãng. Bảo hành tại nơi sử dụng. Đổi mới 30 ngày "
"HP Envy X360 13-bf0112TU 7C0N9PA """,Core i5 1230U 3.3GHz,16GB," 512Gb SSD",VGA onboard - Intel Iris Xe Graphics,13.3inch OLED Touch,1 Thunderbolt 4 with USB4 Type-C 40Gbps; 1 SuperSpeed USB Type-A 5Gbps signaling rate (HP Sleep and Charge); 1 SuperSpeed USB Type-A 5Gbps signaling rate; 1 AC smart pin; 1 headphone/microphon,Windows 11 Home,,," Vỏ nhôm",29.590.000 ₫,24.690.000 ₫ [Giá đã có VAT],"12 Tháng. Bảo hành tại hãng. Bảo hành tại nơi sử dụng. Đổi mới 30 ngày "
Laptop Envy," Envy x360 Laptop 6GB",VGA onboard - Intel Iris Xe Graphics," 512Gb SSD",13.3inch OLED Touch,Windows 11 Home,1 Thunderbolt 4 with USB4 Type-C 40Gbps; 1 SuperSpeed USB Type-A 5Gbps signaling rate (HP Sleep and Charge); 1 SuperSpeed USB Type-A 5Gbps signaling rate; 1 AC smart pin; 1 headphone/microphon,29.590.000 ₫,,," Vỏ nhôm",22.990.000 ₫ [Giá đã có VAT],,"12 Tháng. Bảo hành tại hãng. Bảo hành tại nơi sử dụng. Đổi mới 30 ngày "
"HP Envy X360 13-bf0114TU 7C0P0PA ",Core i5 1230U 3.3GHz,8Gb (Onboard) DDR4 3200," 512Gb SSD",VGA onboard - Intel Iris Xe Graphics,13.3inch OLED Touch,1 Thunderbolt 4 with USB4 Type-C 40Gbps; 1 SuperSpeed USB Type-A 5Gbps signaling rate (HP Sleep and Charge); 1 SuperSpeed USB Type-A 5Gbps signaling rate; 1 AC smart pin; 1 headphone/microphon,Windows 11 Home,,," Vỏ nhôm",28.790.000 ₫,24.790.000 ₫ [Giá đã có VAT],"12 Tháng. Bảo hành tại hãng. Bảo hành tại nơi sử dụng. Đổi mới 30 ngày "
"HP Envy X360 13-bf0097TU 76B17PA ",Core i5 1230U 3.3GHz,8Gb (Onboard) DDR4 3200," 512Gb SSD",VGA onboard - Intel Iris Xe Graphics,13.3inch OLED Touch,1 Thunderbolt 4 with USB4 Type-C 40Gbps; 1 SuperSpeed USB Type-A 5Gbps signaling rate (HP Sleep and Charge); 1 SuperSpeed USB Type-A 5Gbps signaling rate; 1 AC smart pin; 1 headphone/microphon,Windows 11 Home,,," Vỏ nhôm",27.690.000 ₫,21.990.000 ₫ [Giá đã có VAT],"12 Tháng. Bảo hành tại hãng. Bảo hành tại nơi sử dụng. Đổi mới 30 ngày "
" HP ENVY 15-9520.htmlX360 13-BF0094TU 76B14PA ",Core i5 1230U 3.3GHz,16GB," 512Gb SSD",VGA onboard - Intel Iris Xe Graphics,13.3inch OLED Touch,1 Thunderbolt 4 with USB4 Type-C 40Gbps; 1 SuperSpeed USB Type-A 5Gbps signaling rate (HP Sleep and Charge); 1 SuperSpeed USB Type-A 5Gbps signaling rate; 1 AC smart pin; 1 headphone/microphon,Windows 11 Home,,," Vỏ nhôm",29.590.000 ₫,22.990.000 ₫ [Giá đã có VAT],"12 Tháng. Bảo hành tại hãng. Bảo hành tại nơi sử dụng. Đổi mới 30 ngày "
"Dell Vostro 3430 i7U165W11GRD2 ",Core i7 1355U 1.7GHz,16Gb (2x8Gb) DDR4 3200," 512Gb SSD",VGA Nvidia - Nvidia GeForce MX550 2GB GDDR6,14.0inch Full HD,1 Thunderbolt 4 with USB4 Type-C 40Gbps; 1 SuperSpeed USB Type-A 5Gbps signaling rate (HP Sleep and Charge); 1 SuperSpeed USB Type-A 5Gbps signaling rate; 1 AC smart pin; 1 headphone/microphon,Windows 11 Home + Office Student,,," Vỏ nhôm",26.990.000 ₫,23.990.000 ₫ [Giá đã có VAT],"12 Tháng. Bảo hành tại hãng. Bảo hành tại nơi sử dụng. Đổi mới 30 ngày "
"Dell Vostro 5630 i5U165W11GRU ",Core i5 1335U 1.3GHz,16Gb (Onboard) DDR5 4800," 512Gb SSD",VGA onboard - Intel Iris Xe Graphics,16.0inch FHD+,1 Thunderbolt 4 with USB4 Type-C 40Gbps; 1 SuperSpeed USB Type-A 5Gbps signaling rate (HP Sleep and Charge); 1 SuperSpeed USB Type-A 5Gbps signaling rate; 1 AC smart pin; 1 headphone/microphon,Windows 11 Home + Office Student,,," Vỏ nhôm",25.790.000 ₫,23.390.000 ₫ [Giá đã có VAT],"12 Tháng. Bảo hành tại hãng. Bảo hành tại nơi sử dụng. Đổi mới 30 ngày "
"Dell Vostro 3530 i7U085W11GRD2 ",Core i7 1355U 1.7GHz,8Gb DDR4 3200," 512Gb SSD",VGA Nvidia - Nvidia GeForce MX550 2GB GDDR6,15.6inch Full HD,1 Thunderbolt 4 with USB4 Type-C 40Gbps; 1 SuperSpeed USB Type-A 5Gbps signaling rate (HP Sleep and Charge); 1 SuperSpeed USB Type-A 5Gbps signaling rate; 1 AC smart pin; 1 headphone/microphon,Windows 11 Home + Office Student,,," Vỏ nhôm",25.790.000 ₫,21.790.000 ₫ [Giá đã có VAT],"12 Tháng. Bảo hành tại hãng. Bảo hành tại nơi sử dụng. Đổi mới 30 ngày "
"Dell Vostro 3430 ",Core i3 1305U 3.3GHz,8Gb DDR4 3200," 512Gb SSD",VGA Intel Iris - Intel Iris Xe Graphics,14.0inch Full HD,1 Thunderbolt 4 with USB4 Type-C 40Gbps; 1 SuperSpeed USB Type-A 5Gbps signaling rate (HP Sleep and Charge); 1 SuperSpeed USB Type-A 5Gbps signaling rate; 1 AC smart pin; 1 headphone/microphon,NoOS,,," Vỏ nhôm",13.990.000 ₫,11.390.000 ₫ [Giá đã có VAT],"12 Tháng. Bảo hành tại hãng. Bảo hành tại nơi sử dụng. Đổi mới 30 ngày "
"Dell Vostro 3430 71015715 ",Core i3 1305U 3.3GHz,8Gb DDR4 3200," 512Gb SSD",VGA onboard - Intel UHD Graphics,14.0inch Full HD,1 Thunderbolt 4 with USB4 Type-C 40Gbps; 1 SuperSpeed USB Type-A 5Gbps signaling rate (HP Sleep and Charge); 1 SuperSpeed USB Type-A 5Gbps signaling rate; 1 AC smart pin; 1 headphone/microphon,Windows 11 Home + Office Student,,," Vỏ nhôm",13.990.000 ₫,11.990.000 ₫ [Giá đã có VAT],"12 Tháng. Bảo hành tại hãng. Bảo hành tại nơi sử dụng. Đổi mới 30 ngày "
"Dell Vostro 3430 60YGM ",Core i5 1335U 1.3GHz,8Gb DDR4 3200," 512Gb SSD",VGA Nvidia - Nvidia GeForce MX550 2GB GDDR6,14.0inch Full HD,1 Thunderbolt 4 with USB4 Type-C 40Gbps; 1 SuperSpeed USB Type-A 5Gbps signaling rate (HP Sleep and Charge); 1 SuperSpeed USB Type-A 5Gbps signaling rate; 1 AC smart pin; 1 headphone/microphon,Windows 11 Home + Office Student,,," Vỏ nhôm",22.990.000 ₫,18.790.000 ₫ [Giá đã có VAT],"12 Tháng. Bảo hành tại hãng. Bảo hành tại nơi sử dụng. Đổi mới 30 ngày "
"Dell Vostro 5630 THT7N ",Core i7 1360P 2.2GHz,16Gb (Onboard) DDR5 4800," 512Gb SSD",VGA Nvidia - Nvidia GeForce RTX 2050 4GB GDDR6,Khoảng 16 inch,1 Thunderbolt 4 with USB4 Type-C 40Gbps; 1 SuperSpeed USB Type-A 5Gbps signaling rate (HP Sleep and Charge); 1 SuperSpeed USB Type-A 5Gbps signaling rate; 1 AC smart pin; 1 headphone/microphon,Windows 11 Home + Office Student,,," Vỏ nhôm",33.979.000 ₫,28.590.000 ₫ [Giá đã có VAT],"12 Tháng. Bảo hành tại hãng. Bảo hành tại nơi sử dụng. Đổi mới 30 ngày "
Dell Inspiron 1355U 1.7GHz,16Gb DDR4 3200,VGA Nvidia - Nvidia GeForce MX550 2GB GDDR6," 512Gb SSD",15.6inch Full HD,Windows 11 Home + Office Student,1 Thunderbolt 4 with USB4 Type-C 40Gbps; 1 SuperSpeed USB Type-A 5Gbps signaling rate (HP Sleep and Charge); 1 SuperSpeed USB Type-A 5Gbps signaling rate; 1 AC smart pin; 1 headphone/microphon,28.039.000 ₫,,," Vỏ nhôm",23.690.000 ₫ [Giá đã có VAT],,"12 Tháng. Bảo hành tại hãng. Bảo hành tại nơi sử dụng. Đổi mới 30 ngày "
"Dell Vostro 3530 80GG9 ",Core i5 1335U 1.3GHz,8Gb DDR4 3200," 512Gb SSD",VGA onboard - Intel UHD Graphics,15.6inch Full HD,1 Thunderbolt 4 with USB4 Type-C 40Gbps; 1 SuperSpeed USB Type-A 5Gbps signaling rate (HP Sleep and Charge); 1 SuperSpeed USB Type-A 5Gbps signaling rate; 1 AC smart pin; 1 headphone/microphon,Windows 11 Home + Office Student,,," Vỏ nhôm",20.669.000 ₫,16.190.000 ₫ [Giá đã có VAT],"12 Tháng. Bảo hành tại hãng. Bảo hành tại nơi sử dụng. Đổi mới 30 ngày "
" Dell Vostro 3430 i7U165W11GRD2 ",Core i7 1355U 1.7GHz,16Gb (2x8Gb) DDR4 3200," 512Gb SSD",VGA Nvidia - Nvidia GeForce MX550 2GB GDDR6,14.0inch Full HD,1 Thunderbolt 4 with USB4 Type-C 40Gbps; 1 SuperSpeed USB Type-A 5Gbps signaling rate (HP Sleep and Charge); 1 SuperSpeed USB Type-A 5Gbps signaling rate; 1 AC smart pin; 1 headphone/microphon,Windows 11 Home + Office Student,,," Vỏ nhôm",26.990.000 ₫,23.990.000 ₫ [Giá đã có VAT],"12 Tháng. Bảo hành tại hãng. Bảo hành tại nơi sử dụng. Đổi mới 30 ngày "
" Dell Vostro 3530 V5I5267W1 ",Core i5 1335U 1.3GHz,8Gb DDR4 3200," 512Gb SSD",VGA onboard - Intel UHD Graphics,15.6inch Full HD,1 Thunderbolt 4 with USB4 Type-C 40Gbps; 1 SuperSpeed USB Type-A 5Gbps signaling rate (HP Sleep and Charge); 1 SuperSpeed USB Type-A 5Gbps signaling rate; 1 AC smart pin; 1 headphone/microphon,Windows 11 Home + Office Student,,," Vỏ nhôm",17.990.000 ₫,15.990.000 ₫ [Giá đã có VAT],"12 Tháng. Bảo hành tại hãng. Bảo hành tại nơi sử dụng. Đổi mới 30 ngày "
" Dell Vostro 3430 ",Core i3 1305U 3.3GHz,8Gb DDR4 3200," 512Gb SSD",VGA Intel Iris - Intel Iris Xe Graphics,14.0inch Full HD,1 Thunderbolt 4 with USB4 Type-C 40Gbps; 1 SuperSpeed USB Type-A 5Gbps signaling rate (HP Sleep and Charge); 1 SuperSpeed USB Type-A 5Gbps signaling rate; 1 AC smart pin; 1 headphone/microphon,NoOS,,," Vỏ nhôm",13.990.000 ₫,11.390.000 ₫ [Giá đã có VAT],"12 Tháng. Bảo hành tại hãng. Bảo hành tại nơi sử dụng. Đổi mới 30 ngày "
" Dell Vostro 5630 i5U165W11GRU ",Core i5 1335U 1.3GHz,16Gb (Onboard) DDR5 4800," 512Gb SSD",VGA onboard - Intel Iris Xe Graphics,16.0inch FHD+,1 Thunderbolt 4 with USB4 Type-C 40Gbps; 1 SuperSpeed USB Type-A 5Gbps signaling rate (HP Sleep and Charge); 1 SuperSpeed USB Type-A 5Gbps signaling rate; 1 AC smart pin; 1 headphone/microphon,Windows 11 Home + Office Student,,," Vỏ nhôm",25.790.000 ₫,23.390.000 ₫ [Giá đã có VAT],"12 Tháng. Bảo hành tại hãng. Bảo hành tại nơi sử dụng. Đổi mới 30 ngày "
" Dell Vostro 3430 71015715 ",Core i3 1305U 3.3GHz,8Gb DDR4 3200," 512Gb SSD",VGA onboard - Intel UHD Graphics,14.0inch Full HD,1 Thunderbolt 4 with USB4 Type-C 40Gbps; 1 SuperSpeed USB Type-A 5Gbps signaling rate (HP Sleep and Charge); 1 SuperSpeed USB Type-A 5Gbps signaling rate; 1 AC smart pin; 1 headphone/microphon,Windows 11 Home + Office Student,,," Vỏ nhôm",13.990.000 ₫,11.990.000 ₫ [Giá đã có VAT],"12 Tháng. Bảo hành tại hãng. Bảo hành tại nơi sử dụng. Đổi mới 30 ngày "
" Dell Vostro 3430 60YGM ",Core i5 1335U 1.3GHz,8Gb DDR4 3200," 512Gb SSD",VGA Nvidia - Nvidia GeForce MX550 2GB GDDR6,14.0inch Full HD,1 Thunderbolt 4 with USB4 Type-C 40Gbps; 1 SuperSpeed USB Type-A 5Gbps signaling rate (HP Sleep and Charge); 1 SuperSpeed USB Type-A 5Gbps signaling rate; 1 AC smart pin; 1 headphone/microphon,Windows 11 Home + Office Student,,," Vỏ nhôm",22.990.000 ₫,18.790.000 ₫ [Giá đã có VAT],"12 Tháng. Bảo hành tại hãng. Bảo hành tại nơi sử dụng. Đổi mới 30 ngày "
" Dell Vostro 5630 THT7N ",Core i7 1360P 2.2GHz,16Gb (Onboard) DDR5 4800," 512Gb SSD",VGA Nvidia - Nvidia GeForce RTX 2050 4GB GDDR6,Khoảng 16 inch,1 Thunderbolt 4 with USB4 Type-C 40Gbps; 1 SuperSpeed USB Type-A 5Gbps signaling rate (HP Sleep and Charge); 1 SuperSpeed USB Type-A 5Gbps signaling rate; 1 AC smart pin; 1 headphone/microphon,Windows 11 Home + Office Student,,," Vỏ nhôm",33.979.000 ₫,28.590.000 ₫ [Giá đã có VAT],"12 Tháng. Bảo hành tại hãng. Bảo hành tại nơi sử dụng. Đổi mới 30 ngày "
" Dell Vostro 3530 i7U085W11GRD2 ",Core i7 1355U 1.7GHz,8Gb DDR4 3200," 512Gb SSD",VGA Nvidia - Nvidia GeForce MX550 2GB GDDR6,15.6inch Full HD,1 Thunderbolt 4 with USB4 Type-C 40Gbps; 1 SuperSpeed USB Type-A 5Gbps signaling rate (HP Sleep and Charge); 1 SuperSpeed USB Type-A 5Gbps signaling rate; 1 AC smart pin; 1 headphone/microphon,Windows 11 Home + Office Student,,," Vỏ nhôm",25.790.000 ₫,21.790.000 ₫ [Giá đã có VAT],"12 Tháng. Bảo hành tại hãng. Bảo hành tại nơi sử dụng. Đổi mới 30 ngày "
" Dell Vostro 3530 V5I3465W1 ",Core i3 1305U 3.3GHz,8Gb DDR4 3200," 512Gb SSD",VGA onboard - Intel UHD Graphics,15.6inch Full HD,1 Thunderbolt 4 with USB4 Type-C 40Gbps; 1 SuperSpeed USB Type-A 5Gbps signaling rate (HP Sleep and Charge); 1 SuperSpeed USB Type-A 5Gbps signaling rate; 1 AC smart pin; 1 headphone/microphon,Windows 11 Home + Office Student,,," Vỏ nhôm",14.690.000 ₫,12.190.000 ₫ [Giá đã có VAT],"12 Tháng. Bảo hành tại hãng. Bảo hành tại nơi sử dụng. Đổi mới 30 ngày "
" Dell Vostro 3530 80GG91 ",Core i7 1355U 1.7GHz,16Gb DDR4 3200," 512Gb SSD",VGA Nvidia - Nvidia GeForce MX550 2GB GDDR6,15.6inch Full HD,1 Thunderbolt 4 with USB4 Type-C 40Gbps; 1 SuperSpeed USB Type-A 5Gbps signaling rate (HP Sleep and Charge); 1 SuperSpeed USB Type-A 5Gbps signaling rate; 1 AC smart pin; 1 headphone/microphon,Windows 11 Home + Office Student,,," Vỏ nhôm",28.039.000 ₫,23.690.000 ₫ [Giá đã có VAT],"12 Tháng. Bảo hành tại hãng. Bảo hành tại nơi sử dụng. Đổi mới 30 ngày "
" Dell Vostro 3530 80GG9 ",Core i5 1335U 1.3GHz,8Gb DDR4 3200," 512Gb SSD",VGA onboard - Intel UHD Graphics,15.6inch Full HD,1 Thunderbolt 4 with USB4 Type-C 40Gbps; 1 SuperSpeed USB Type-A 5Gbps signaling rate (HP Sleep and Charge); 1 SuperSpeed USB Type-A 5Gbps signaling rate; 1 AC smart pin; 1 headphone/microphon,Windows 11 Home + Office Student,,," Vỏ nhôm",20.669.000 ₫,16.190.000 ₫ [Giá đã có VAT],"12 Tháng. Bảo hành tại hãng. Bảo hành tại nơi sử dụng. Đổi mới 30 ngày "
" Dell Vostro 3530 80GG92 ",Core i3 1305U 3.3GHz,8Gb DDR4 3200," 512Gb SSD",VGA onboard - Intel UHD Graphics,15.6inch Full HD,1 Thunderbolt 4 with USB4 Type-C 40Gbps; 1 SuperSpeed USB Type-A 5Gbps signaling rate (HP Sleep and Charge); 1 SuperSpeed USB Type-A 5Gbps signaling rate; 1 AC smart pin; 1 headphone/microphon,Windows 11 Home + Office Student,,," Vỏ nhôm",12.990.000 ₫,12.190.000 ₫ [Giá đã có VAT],"12 Tháng. Bảo hành tại hãng. Bảo hành tại nơi sử dụng. Đổi mới 30 ngày "
"Dell Vostro 3530 V5I5267W1 ",Core i5 1335U 1.3GHz,8Gb DDR4 3200," 512Gb SSD",VGA onboard - Intel UHD Graphics,15.6inch Full HD,1 Thunderbolt 4 with USB4 Type-C 40Gbps; 1 SuperSpeed USB Type-A 5Gbps signaling rate (HP Sleep and Charge); 1 SuperSpeed USB Type-A 5Gbps signaling rate; 1 AC smart pin; 1 headphone/microphon,Windows 11 Home + Office Student,,," Vỏ nhôm",17.990.000 ₫,15.990.000 ₫ [Giá đã có VAT],"12 Tháng. Bảo hành tại hãng. Bảo hành tại nơi sử dụng. Đổi mới 30 ngày "
"Dell Vostro 3530 V5I3465W1 ",Core i3 1305U 3.3GHz,8Gb DDR4 3200," 512Gb SSD",VGA onboard - Intel UHD Graphics,15.6inch Full HD,1 Thunderbolt 4 with USB4 Type-C 40Gbps; 1 SuperSpeed USB Type-A 5Gbps signaling rate (HP Sleep and Charge); 1 SuperSpeed USB Type-A 5Gbps signaling rate; 1 AC smart pin; 1 headphone/microphon,Windows 11 Home + Office Student,,," Vỏ nhôm",14.690.000 ₫,12.190.000 ₫ [Giá đã có VAT],"12 Tháng. Bảo hành tại hãng. Bảo hành tại nơi sử dụng. Đổi mới 30 ngày "
"Dell Vostro 3530 80GG91 ",Core i7 1355U 1.7GHz,16Gb DDR4 3200," 512Gb SSD",VGA Nvidia - Nvidia GeForce MX550 2GB GDDR6,15.6inch Full HD,1 Thunderbolt 4 with USB4 Type-C 40Gbps; 1 SuperSpeed USB Type-A 5Gbps signaling rate (HP Sleep and Charge); 1 SuperSpeed USB Type-A 5Gbps signaling rate; 1 AC smart pin; 1 headphone/microphon,Windows 11 Home + Office Student,,," Vỏ nhôm",28.039.000 ₫,23.690.000 ₫ [Giá đã có VAT],"12 Tháng. Bảo hành tại hãng. Bảo hành tại nơi sử dụng. Đổi mới 30 ngày "
"Dell Vostro 3530 80GG92 ",Core i3 1305U 3.3GHz,8Gb DDR4 3200," 512Gb SSD",VGA onboard - Intel UHD Graphics,15.6inch Full HD,1 Thunderbolt 4 with USB4 Type-C 40Gbps; 1 SuperSpeed USB Type-A 5Gbps signaling rate (HP Sleep and Charge); 1 SuperSpeed USB Type-A 5Gbps signaling rate; 1 AC smart pin; 1 headphone/microphon,Windows 11 Home + Office Student,,," Vỏ nhôm",12.990.000 ₫,12.190.000 ₫ [Giá đã có VAT],"12 Tháng. Bảo hành tại hãng. Bảo hành tại nơi sử dụng. Đổi mới 30 ngày "
" HP Envy 15-9520.htmlX360 13-bf0097TU 76B17PA ",Core i5 1230U 3.3GHz,8Gb (Onboard) DDR4 3200," 512Gb SSD",VGA onboard - Intel Iris Xe Graphics,13.3inch OLED Touch,1 Thunderbolt 4 with USB4 Type-C 40Gbps; 1 SuperSpeed USB Type-A 5Gbps signaling rate (HP Sleep and Charge); 1 SuperSpeed USB Type-A 5Gbps signaling rate; 1 AC smart pin; 1 headphone/microphon,Windows 11 Home,,," Vỏ nhôm",27.690.000 ₫,21.990.000 ₫ [Giá đã có VAT],"12 Tháng. Bảo hành tại hãng. Bảo hành tại nơi sử dụng. Đổi mới 30 ngày "
" Dell Inspiron 5430 20DY31 ",Core i7 1360P 2.2GHz,16Gb (Onboard) DDR5 4800," 512Gb SSD",VGA Intel Iris - Intel Iris Xe Graphics,14.0inch Full HD+,1 Thunderbolt 4 with USB4 Type-C 40Gbps; 1 SuperSpeed USB Type-A 5Gbps signaling rate (HP Sleep and Charge); 1 SuperSpeed USB Type-A 5Gbps signaling rate; 1 AC smart pin; 1 headphone/microphon,Windows 11 Home + Office Student,,," Vỏ nhôm",28.490.000 ₫,25.290.000 ₫ [Giá đã có VAT],"12 Tháng. Bảo hành tại hãng. Bảo hành tại nơi sử dụng. Đổi mới 30 ngày "
" Dell Inspiron 5430 N4I5497W1 ",Core i5 1340P 1.9GHz,16Gb (Onboard) DDR5 4800," 512Gb SSD",VGA onboard - Intel Iris Xe Graphics,14.0inch Full HD+,1 Thunderbolt 4 with USB4 Type-C 40Gbps; 1 SuperSpeed USB Type-A 5Gbps signaling rate (HP Sleep and Charge); 1 SuperSpeed USB Type-A 5Gbps signaling rate; 1 AC smart pin; 1 headphone/microphon,Windows 11 Home + Office Student,,," Vỏ nhôm",25.990.000 ₫,21.990.000 ₫ [Giá đã có VAT],"12 Tháng. Bảo hành tại hãng. Bảo hành tại nơi sử dụng. Đổi mới 30 ngày "
" Dell Inspiron 3530 71014840 ",Core i5 1335U 1.3GHz,8Gb DDR4 3200," 512Gb SSD",VGA Nvidia - Nvidia GeForce MX550 2GB GDDR6,15.6inch Full HD,1 Thunderbolt 4 with USB4 Type-C 40Gbps; 1 SuperSpeed USB Type-A 5Gbps signaling rate (HP Sleep and Charge); 1 SuperSpeed USB Type-A 5Gbps signaling rate; 1 AC smart pin; 1 headphone/microphon,Windows 11 Home + Office Student,,," Vỏ nhôm",20.490.000 ₫,18.490.000 ₫ [Giá đã có VAT],"12 Tháng. Bảo hành tại hãng. Bảo hành tại nơi sử dụng. Đổi mới 30 ngày "
" Dell Inspiron 3530 I5U085W11BLU ",Core i5 1335U 1.3GHz,8Gb DDR4 2666," 512Gb SSD",VGA onboard - Intel UHD Graphics,15.6inch Full HD,1 Thunderbolt 4 with USB4 Type-C 40Gbps; 1 SuperSpeed USB Type-A 5Gbps signaling rate (HP Sleep and Charge); 1 SuperSpeed USB Type-A 5Gbps signaling rate; 1 AC smart pin; 1 headphone/microphon,Windows 11 Home + Office Student,,," Vỏ nhôm",20.990.000 ₫,16.190.000 ₫ [Giá đã có VAT],"12 Tháng. Bảo hành tại hãng. Bảo hành tại nơi sử dụng. Đổi mới 30 ngày "
" Dell Inspiron 3530 71011775 ",Core i7 1355U 1.7GHz,8Gb DDR4 3200," 512Gb SSD",VGA Intel Iris - Intel Iris Xe Graphics,15.6inch Full HD,1 Thunderbolt 4 with USB4 Type-C 40Gbps; 1 SuperSpeed USB Type-A 5Gbps signaling rate (HP Sleep and Charge); 1 SuperSpeed USB Type-A 5Gbps signaling rate; 1 AC smart pin; 1 headphone/microphon,Windows 11 Home + Office Student,,," Vỏ nhôm",22.990.000 ₫,18.490.000 ₫ [Giá đã có VAT],"12 Tháng. Bảo hành tại hãng. Bảo hành tại nơi sử dụng. Đổi mới 30 ngày "
" Dell Inspiron T7430 I7U165W11SLU ",Core i7 1355U 1.7GHz,16Gb (Onboard) DDR4 3200," 512Gb SSD",VGA Intel Iris - Intel Iris Xe Graphics,14.0inch Full HD+ Touch,1 Thunderbolt 4 with USB4 Type-C 40Gbps; 1 SuperSpeed USB Type-A 5Gbps signaling rate (HP Sleep and Charge); 1 SuperSpeed USB Type-A 5Gbps signaling rate; 1 AC smart pin; 1 headphone/microphon,Windows 11 Home + Office Student,,," Vỏ nhôm",30.990.000 ₫,27.590.000 ₫ [Giá đã có VAT],"12 Tháng. Bảo hành tại hãng. Bảo hành tại nơi sử dụng. Đổi mới 30 ngày "
" Dell Inspiron 3530 N5I5489W1 ",Core i5 1335U 1.3GHz,16Gb (2x8Gb) DDR4 3200," 512Gb SSD",VGA Nvidia - Nvidia GeForce MX550 2GB GDDR6,15.6inch Full HD,1 Thunderbolt 4 with USB4 Type-C 40Gbps; 1 SuperSpeed USB Type-A 5Gbps signaling rate (HP Sleep and Charge); 1 SuperSpeed USB Type-A 5Gbps signaling rate; 1 AC smart pin; 1 headphone/microphon,Windows 11 Home + Office Student,,," Vỏ nhôm",21.490.000 ₫,19.990.000 ₫ [Giá đã có VAT],"12 Tháng. Bảo hành tại hãng. Bảo hành tại nơi sử dụng. Đổi mới 30 ngày "
" Dell Inspiron 3530 N3530I716W1 ",Core i7 1355U 1.7GHz,16Gb (2x8Gb) DDR4 3200," 512Gb SSD",VGA Nvidia - Nvidia GeForce MX550 2GB GDDR6,15.6inch Full HD,1 Thunderbolt 4 with USB4 Type-C 40Gbps; 1 SuperSpeed USB Type-A 5Gbps signaling rate (HP Sleep and Charge); 1 SuperSpeed USB Type-A 5Gbps signaling rate; 1 AC smart pin; 1 headphone/microphon,Windows 11 Home + Office Student,,," Vỏ nhôm",25.990.000 ₫,22.490.000 ₫ [Giá đã có VAT],"12 Tháng. Bảo hành tại hãng. Bảo hành tại nơi sử dụng. Đổi mới 30 ngày "
"Dell Inspiron 5430 20DY31 ",Core i7 1360P 2.2GHz,16Gb (Onboard) DDR5 4800," 512Gb SSD",VGA Intel Iris - Intel Iris Xe Graphics,14.0inch Full HD+,1 Thunderbolt 4 with USB4 Type-C 40Gbps; 1 SuperSpeed USB Type-A 5Gbps signaling rate (HP Sleep and Charge); 1 SuperSpeed USB Type-A 5Gbps signaling rate; 1 AC smart pin; 1 headphone/microphon,Windows 11 Home + Office Student,,," Vỏ nhôm",28.490.000 ₫,25.290.000 ₫ [Giá đã có VAT],"12 Tháng. Bảo hành tại hãng. Bảo hành tại nơi sử dụng. Đổi mới 30 ngày "
"Dell Inspiron 5430 N4I5497W1 ",Core i5 1340P 1.9GHz,16Gb (Onboard) DDR5 4800," 512Gb SSD",VGA onboard - Intel Iris Xe Graphics,14.0inch Full HD+,1 Thunderbolt 4 with USB4 Type-C 40Gbps; 1 SuperSpeed USB Type-A 5Gbps signaling rate (HP Sleep and Charge); 1 SuperSpeed USB Type-A 5Gbps signaling rate; 1 AC smart pin; 1 headphone/microphon,Windows 11 Home + Office Student,,," Vỏ nhôm",25.990.000 ₫,21.990.000 ₫ [Giá đã có VAT],"12 Tháng. Bảo hành tại hãng. Bảo hành tại nơi sử dụng. Đổi mới 30 ngày "
"Dell Inspiron 3530 71014840 ",Core i5 1335U 1.3GHz,8Gb DDR4 3200," 512Gb SSD",VGA Nvidia - Nvidia GeForce MX550 2GB GDDR6,15.6inch Full HD,1 Thunderbolt 4 with USB4 Type-C 40Gbps; 1 SuperSpeed USB Type-A 5Gbps signaling rate (HP Sleep and Charge); 1 SuperSpeed USB Type-A 5Gbps signaling rate; 1 AC smart pin; 1 headphone/microphon,Windows 11 Home + Office Student,,," Vỏ nhôm",20.490.000 ₫,18.490.000 ₫ [Giá đã có VAT],"12 Tháng. Bảo hành tại hãng. Bảo hành tại nơi sử dụng. Đổi mới 30 ngày "
"Dell Inspiron 3530 I5U085W11BLU ",Core i5 1335U 1.3GHz,8Gb DDR4 2666," 512Gb SSD",VGA onboard - Intel UHD Graphics,15.6inch Full HD,1 Thunderbolt 4 with USB4 Type-C 40Gbps; 1 SuperSpeed USB Type-A 5Gbps signaling rate (HP Sleep and Charge); 1 SuperSpeed USB Type-A 5Gbps signaling rate; 1 AC smart pin; 1 headphone/microphon,Windows 11 Home + Office Student,,," Vỏ nhôm",20.990.000 ₫,16.190.000 ₫ [Giá đã có VAT],"12 Tháng. Bảo hành tại hãng. Bảo hành tại nơi sử dụng. Đổi mới 30 ngày "
"Dell Inspiron 3530 71011775 ",Core i7 1355U 1.7GHz,8Gb DDR4 3200," 512Gb SSD",VGA Intel Iris - Intel Iris Xe Graphics,15.6inch Full HD,1 Thunderbolt 4 with USB4 Type-C 40Gbps; 1 SuperSpeed USB Type-A 5Gbps signaling rate (HP Sleep and Charge); 1 SuperSpeed USB Type-A 5Gbps signaling rate; 1 AC smart pin; 1 headphone/microphon,Windows 11 Home + Office Student,,," Vỏ nhôm",22.990.000 ₫,18.490.000 ₫ [Giá đã có VAT],"12 Tháng. Bảo hành tại hãng. Bảo hành tại nơi sử dụng. Đổi mới 30 ngày "
"Dell Inspiron T7430 I7U165W11SLU ",Core i7 1355U 1.7GHz,16Gb (Onboard) DDR4 3200," 512Gb SSD",VGA Intel Iris - Intel Iris Xe Graphics,14.0inch Full HD+ Touch,1 Thunderbolt 4 with USB4 Type-C 40Gbps; 1 SuperSpeed USB Type-A 5Gbps signaling rate (HP Sleep and Charge); 1 SuperSpeed USB Type-A 5Gbps signaling rate; 1 AC smart pin; 1 headphone/microphon,Windows 11 Home + Office Student,,," Vỏ nhôm",30.990.000 ₫,27.590.000 ₫ [Giá đã có VAT],"12 Tháng. Bảo hành tại hãng. Bảo hành tại nơi sử dụng. Đổi mới 30 ngày "
"Dell Inspiron 3530 N5I5489W1 ",Core i5 1335U 1.3GHz,16Gb (2x8Gb) DDR4 3200," 512Gb SSD",VGA Nvidia - Nvidia GeForce MX550 2GB GDDR6,15.6inch Full HD,1 Thunderbolt 4 with USB4 Type-C 40Gbps; 1 SuperSpeed USB Type-A 5Gbps signaling rate (HP Sleep and Charge); 1 SuperSpeed USB Type-A 5Gbps signaling rate; 1 AC smart pin; 1 headphone/microphon,Windows 11 Home + Office Student,,," Vỏ nhôm",21.490.000 ₫,19.990.000 ₫ [Giá đã có VAT],"12 Tháng. Bảo hành tại hãng. Bảo hành tại nơi sử dụng. Đổi mới 30 ngày "
"Dell Inspiron 3530 N3530I716W1 ",Core i7 1355U 1.7GHz,16Gb (2x8Gb) DDR4 3200," 512Gb SSD",VGA Nvidia - Nvidia GeForce MX550 2GB GDDR6,15.6inch Full HD,1 Thunderbolt 4 with USB4 Type-C 40Gbps; 1 SuperSpeed USB Type-A 5Gbps signaling rate (HP Sleep and Charge); 1 SuperSpeed USB Type-A 5Gbps signaling rate; 1 AC smart pin; 1 headphone/microphon,Windows 11 Home + Office Student,,," Vỏ nhôm",25.990.000 ₫,22.490.000 ₫ [Giá đã có VAT],"12 Tháng. Bảo hành tại hãng. Bảo hành tại nơi sử dụng. Đổi mới 30 ngày "
" Dell Latitude 5520 ",Core i5 1145G7 2.6 GHz,8Gb DDR4 3200," 512Gb SSD",VGA onboard - Intel Iris Xe Graphics,15.6inch Full HD,1 Thunderbolt 4 with USB4 Type-C 40Gbps; 1 SuperSpeed USB Type-A 5Gbps signaling rate (HP Sleep and Charge); 1 SuperSpeed USB Type-A 5Gbps signaling rate; 1 AC smart pin; 1 headphone/microphon,NoOS,,," Vỏ nhôm",17.990.000 ₫,15.990.000 ₫ [Giá đã có VAT],"12 Tháng. Bảo hành tại hãng. Bảo hành tại nơi sử dụng. Đổi mới 30 ngày "
" Dell Latitude 7340 42LT734001 ",Core i5 1335U 1.3GHz,16Gb (Onboard) DDR5 4800," 512Gb SSD",VGA onboard - Intel Iris Xe Graphics,13.3inch Full HD+,1 Thunderbolt 4 with USB4 Type-C 40Gbps; 1 SuperSpeed USB Type-A 5Gbps signaling rate (HP Sleep and Charge); 1 SuperSpeed USB Type-A 5Gbps signaling rate; 1 AC smart pin; 1 headphone/microphon,NoOS,,," Vỏ nhôm",35.490.000 ₫,34.990.000 ₫ [Giá đã có VAT],"12 Tháng. Bảo hành tại hãng. Bảo hành tại nơi sử dụng. Đổi mới 30 ngày "
" Dell Latitude 5440 42LT544002 ",Core i5 1335U 1.3GHz,16Gb DDR4 3200," 512Gb SSD",VGA onboard - Intel Iris Xe Graphics,14.0inch Full HD,1 Thunderbolt 4 with USB4 Type-C 40Gbps; 1 SuperSpeed USB Type-A 5Gbps signaling rate (HP Sleep and Charge); 1 SuperSpeed USB Type-A 5Gbps signaling rate; 1 AC smart pin; 1 headphone/microphon,NoOS,,," Vỏ nhôm",30.490.000 ₫,28.690.000 ₫ [Giá đã có VAT],"12 Tháng. Bảo hành tại hãng. Bảo hành tại nơi sử dụng. Đổi mới 30 ngày "
" Dell Latitude 5440 ",Core i7 1355U 1.7GHz,16Gb DDR4 3200," 512Gb SSD",VGA onboard - Intel Iris Xe Graphics,14.0inch Full HD,1 Thunderbolt 4 with USB4 Type-C 40Gbps; 1 SuperSpeed USB Type-A 5Gbps signaling rate (HP Sleep and Charge); 1 SuperSpeed USB Type-A 5Gbps signaling rate; 1 AC smart pin; 1 headphone/microphon,NoOS,,," Vỏ nhôm",32.990.000 ₫,30.490.000 ₫ [Giá đã có VAT],"12 Tháng. Bảo hành tại hãng. Bảo hành tại nơi sử dụng. Đổi mới 30 ngày "
" Dell Latitude 7440 42LT744001 ",Core i5 1335U 1.3GHz,8Gb (Onboard) DDR5 4800," 512Gb SSD",VGA onboard - Intel Iris Xe Graphics,13.3inch Full HD+,1 Thunderbolt 4 with USB4 Type-C 40Gbps; 1 SuperSpeed USB Type-A 5Gbps signaling rate (HP Sleep and Charge); 1 SuperSpeed USB Type-A 5Gbps signaling rate; 1 AC smart pin; 1 headphone/microphon,NoOS,,," Vỏ nhôm",31.490.000 ₫,30.390.000 ₫ [Giá đã có VAT],"12 Tháng. Bảo hành tại hãng. Bảo hành tại nơi sử dụng. Đổi mới 30 ngày "
" Dell Latitude 7340 42LT734002 ",Core i7 1355U 1.7GHz,16Gb (Onboard) DDR5 4800," 512Gb SSD",VGA onboard - Intel Iris Xe Graphics,13.3inch Full HD+,1 Thunderbolt 4 with USB4 Type-C 40Gbps; 1 SuperSpeed USB Type-A 5Gbps signaling rate (HP Sleep and Charge); 1 SuperSpeed USB Type-A 5Gbps signaling rate; 1 AC smart pin; 1 headphone/microphon,NoOS,,," Vỏ nhôm",37.490.000 ₫,36.990.000 ₫ [Giá đã có VAT],"12 Tháng. Bảo hành tại hãng. Bảo hành tại nơi sử dụng. Đổi mới 30 ngày "
" Dell Latitude 3420 L3420I5SSDF512B ",Core i5 1135G7 2.4GHz,8Gb DDR4 3200," 512Gb SSD",VGA onboard - Intel Iris Xe Graphics,14.0inch Full HD,1 Thunderbolt 4 with USB4 Type-C 40Gbps; 1 SuperSpeed USB Type-A 5Gbps signaling rate (HP Sleep and Charge); 1 SuperSpeed USB Type-A 5Gbps signaling rate; 1 AC smart pin; 1 headphone/microphon,NoOS,,," Vỏ nhôm",19.999.000 ₫,16.990.000 ₫ [Giá đã có VAT],"12 Tháng. Bảo hành tại hãng. Bảo hành tại nơi sử dụng. Đổi mới 30 ngày "
"Laptop Dell Latitude 5520 ",Core i5 1145G7 2.6 GHz,8Gb DDR4 3200," 512Gb SSD",VGA onboard - Intel Iris Xe Graphics,15.6inch Full HD,1 Thunderbolt 4 with USB4 Type-C 40Gbps; 1 SuperSpeed USB Type-A 5Gbps signaling rate (HP Sleep and Charge); 1 SuperSpeed USB Type-A 5Gbps signaling rate; 1 AC smart pin; 1 headphone/microphon,NoOS,,," Vỏ nhôm",17.990.000 ₫,15.990.000 ₫ [Giá đã có VAT],"12 Tháng. Bảo hành tại hãng. Bảo hành tại nơi sử dụng. Đổi mới 30 ngày "
"Laptop Dell Latitude 7340 42LT734001 ",Core i5 1335U 1.3GHz,16Gb (Onboard) DDR5 4800," 512Gb SSD",VGA onboard - Intel Iris Xe Graphics,13.3inch Full HD+,1 Thunderbolt 4 with USB4 Type-C 40Gbps; 1 SuperSpeed USB Type-A 5Gbps signaling rate (HP Sleep and Charge); 1 SuperSpeed USB Type-A 5Gbps signaling rate; 1 AC smart pin; 1 headphone/microphon,NoOS,,," Vỏ nhôm",35.490.000 ₫,34.990.000 ₫ [Giá đã có VAT],"12 Tháng. Bảo hành tại hãng. Bảo hành tại nơi sử dụng. Đổi mới 30 ngày "
"Laptop Dell Latitude 5440 42LT544002 ",Core i5 1335U 1.3GHz,16Gb DDR4 3200," 512Gb SSD",VGA onboard - Intel Iris Xe Graphics,14.0inch Full HD,1 Thunderbolt 4 with USB4 Type-C 40Gbps; 1 SuperSpeed USB Type-A 5Gbps signaling rate (HP Sleep and Charge); 1 SuperSpeed USB Type-A 5Gbps signaling rate; 1 AC smart pin; 1 headphone/microphon,NoOS,,," Vỏ nhôm",30.490.000 ₫,28.690.000 ₫ [Giá đã có VAT],"12 Tháng. Bảo hành tại hãng. Bảo hành tại nơi sử dụng. Đổi mới 30 ngày "
"Laptop Dell Latitude 5440 ",Core i7 1355U 1.7GHz,16Gb DDR4 3200," 512Gb SSD",VGA onboard - Intel Iris Xe Graphics,14.0inch Full HD,1 Thunderbolt 4 with USB4 Type-C 40Gbps; 1 SuperSpeed USB Type-A 5Gbps signaling rate (HP Sleep and Charge); 1 SuperSpeed USB Type-A 5Gbps signaling rate; 1 AC smart pin; 1 headphone/microphon,NoOS,,," Vỏ nhôm",32.990.000 ₫,30.490.000 ₫ [Giá đã có VAT],"12 Tháng. Bảo hành tại hãng. Bảo hành tại nơi sử dụng. Đổi mới 30 ngày "
"Laptop Dell Latitude 7440 42LT744001 ",Core i5 1335U 1.3GHz,8Gb (Onboard) DDR5 4800," 512Gb SSD",VGA onboard - Intel Iris Xe Graphics,13.3inch Full HD+,1 Thunderbolt 4 with USB4 Type-C 40Gbps; 1 SuperSpeed USB Type-A 5Gbps signaling rate (HP Sleep and Charge); 1 SuperSpeed USB Type-A 5Gbps signaling rate; 1 AC smart pin; 1 headphone/microphon,NoOS,,," Vỏ nhôm",31.490.000 ₫,30.390.000 ₫ [Giá đã có VAT],"12 Tháng. Bảo hành tại hãng. Bảo hành tại nơi sử dụng. Đổi mới 30 ngày "
"Laptop Dell Latitude 3420 L3420I5SSDF512B ",Core i5 1135G7 2.4GHz,8Gb DDR4 3200," 512Gb SSD",VGA onboard - Intel Iris Xe Graphics,14.0inch Full HD,1 Thunderbolt 4 with USB4 Type-C 40Gbps; 1 SuperSpeed USB Type-A 5Gbps signaling rate (HP Sleep and Charge); 1 SuperSpeed USB Type-A 5Gbps signaling rate; 1 AC smart pin; 1 headphone/microphon,NoOS,,," Vỏ nhôm",19.999.000 ₫,16.990.000 ₫ [Giá đã có VAT],"12 Tháng. Bảo hành tại hãng. Bảo hành tại nơi sử dụng. Đổi mới 30 ngày "
"Laptop Dell Latitude 7340 42LT734002 ",Core i7 1355U 1.7GHz,16Gb (Onboard) DDR5 4800," 512Gb SSD",VGA onboard - Intel Iris Xe Graphics,13.3inch Full HD+,1 Thunderbolt 4 with USB4 Type-C 40Gbps; 1 SuperSpeed USB Type-A 5Gbps signaling rate (HP Sleep and Charge); 1 SuperSpeed USB Type-A 5Gbps signaling rate; 1 AC smart pin; 1 headphone/microphon,NoOS,,," Vỏ nhựa",37.490.000 ₫,36.990.000 ₫ [Giá đã có VAT],"12 Tháng. Bảo hành tại hãng. Bảo hành tại nơi sử dụng. Đổi mới 30 ngày "
